Handle,Title,Option1 Name,Option1 Value,Option2 Name,Option2 Value,Option3 Name,Option3 Value,SKU,HS Code,COO,Location,Incoming,Unavailable,Committed,Available,On Hand
10%-Alpha-Arbutin-&-5%-Mandelic-Acid-Anti-Freckle-Anti-Acne-Face-Serum-30ml,10% Alpha Arbutin & 5% Mandelic Acid Anti-Freckle Anti-Acne Face Serum 30ml,Title,Default Title,,,,,4-MAK0515,,,4aKid & 4aPet,0,0,0,5,5
18pc-Handheld-Pedi-Mate,18pc Handheld Pedi Mate,Title,Default Title,,,,,4-MAK0051,,,4aKid & 4aPet,0,0,0,5,5
2-in-1-Baby-Banana-Teether-&-Baby-Safety-Feeder-Assorted-Colours,2 in 1 Baby Banana Teether & Baby Safety Feeder - Assorted Colours,Title,Default Title,,,,,4-BAN0031,,,4aKid & 4aPet,0,0,0,30,30
2-in-1-Baby-Sleep-Positioner-Pillow,2 in 1 Baby Sleep Positioner Pillow,Title,Default Title,,,,,4-PIL00311,,,4aKid & 4aPet,0,0,0,12,12
2-In-1-Dumpling-Maker-Machine,2 In 1 Dumpling Maker Machine,Title,Default Title,,,,,SIL01021,,,4aKid & 4aPet,0,0,0,84,84
2-in-1-Zonic-Baby-Travel-Feeding-Booster-Seat-and-Bag,2 in 1 Zonic Baby Travel Feeding Booster Seat and Bag,Title,Default Title,,,,,4-ZON001,,,4aKid & 4aPet,0,0,0,12,12
2-Litre-Motivational-Water-Bottle,2 Litre Motivational Water Bottle,Title,Default Title,,,,,4-BOT0512,,,4aKid & 4aPet,0,0,0,17,17
3-in-1-Magic-Rainbow-Marker-Set,3 in 1 Magic Rainbow Marker Set,Title,Default Title,,,,,4-PEN0113,,,4aKid & 4aPet,0,0,0,3,3
3-in-1-Tool-Table-Play-Toy-Set,3 in 1 Tool Table Play Toy Set,Title,Default Title,,,,,C-8002029,,,4aKid & 4aPet,0,0,0,23,23
3D-Wall-or-Floor-Stickers-Blue-Saturn-with-Shooting-Stars,3D Wall or Floor Stickers - Blue Saturn with Shooting Stars,Title,Default Title,,,,,4-STI0171,,,4aKid & 4aPet,0,0,0,10,10
3D-Wall-or-Floor-Stickers-Coral-Dolphins,3D Wall or Floor Stickers - Coral Dolphins,Title,Default Title,,,,,4-STI0112,,,4aKid & 4aPet,0,0,0,14,14
3D-Wall-or-Floor-Stickers-Dark-Saturn-with-Galaxy,3D Wall or Floor Stickers - Dark Saturn with Galaxy,Title,Default Title,,,,,4-STI017112,,,4aKid & 4aPet,0,0,0,11,11
3D-Wall-or-Floor-Stickers-Ladder-over-Volcano,3D Wall or Floor Stickers - Ladder over Volcano,Title,Default Title,,,,,4-STI0181,,,4aKid & 4aPet,0,0,0,14,14
3D-Wall-or-Floor-Stickers-Outer-Space-Ladder,3D Wall or Floor Stickers - Outer Space Ladder,Title,Default Title,,,,,4-STI015,,,4aKid & 4aPet,0,0,0,10,10
3D-Wall-or-Floor-Stickers-Outer-Space-Planets,3D Wall or Floor Stickers - Outer Space Planets,Title,Default Title,,,,,4-STI017,,,4aKid & 4aPet,0,0,0,17,17
3D-Wall-or-Floor-Stickers-Plane,3D Wall or Floor Stickers - Plane,Title,Default Title,,,,,4-STI0184,,,4aKid & 4aPet,0,0,0,1,1
3D-Wall-or-Floor-Stickers-Rhino,3D Wall or Floor Stickers - Rhino,Title,Default Title,,,,,4-STI01711,,,4aKid & 4aPet,0,0,0,20,20
3D-Wall-or-Floor-Stickers-Sea-Stars,3D Wall or Floor Stickers - Sea Stars,Title,Default Title,,,,,4-STI0183,,,4aKid & 4aPet,0,0,0,15,15
3D-Wall-or-Floor-Stickers-Tyrannosaurus-Rex,3D Wall or Floor Stickers - Tyrannosaurus Rex,Title,Default Title,,,,,4-STI01881,,,4aKid & 4aPet,0,0,0,15,15
3pc-Baby-Headband-Set,3pc Baby Headband Set,Title,Default Title,,,,,HEADBAND012,,,4aKid & 4aPet,0,0,0,8,8
4-in-1-Vegetable-Spiralizer,4-in-1 Vegetable Spiralizer,Title,Default Title,,,,,SIL010111,,,4aKid & 4aPet,0,0,0,20,20
4aKid-Baby-Knee-Pads-Assorted-Colours,4aKid Baby Knee Pads - Assorted Colours,Title,Default Title,,,,,KNEE0092,,,4aKid & 4aPet,0,0,0,1010,1010
4aKid-Baby-Teething-Mitten,4aKid Baby Teething Mitten,Title,Default Title,,,,,TEE009602,,,4aKid & 4aPet,0,0,0,3,3
4aKid-Kids-Disposable-Mask-Pack-of-5,4aKid Kids Disposable Mask - Pack of 5,Title,Default Title,,,,,AL-MASK0021A,,,4aKid & 4aPet,0,0,0,4,4
4aKid-Toddler-Car-Strap-Clip-Assorted-Colours,4aKid Toddler Car Strap Clip - Assorted Colours,Title,Default Title,,,,,STR106,,,4aKid & 4aPet,0,0,0,99,99
5-in-1-Multifunctional-Baby-Bag-Navy-Dots,5 in 1 Multifunctional Baby Bag - Navy Dots,Title,Default Title,,,,,BAG00421,,,4aKid & 4aPet,0,0,0,4,4
5-in-1-Multifunctional-Baby-Diaper-Bag-Red-Dots,5 in 1 Multifunctional Baby Diaper Bag - Red Dots,Title,Default Title,,,,,BAG00424,,,4aKid & 4aPet,0,0,0,5,5
5+1-Magic-Markers,5+1 Magic Markers,Title,Default Title,,,,,4-PEN0112,,,4aKid & 4aPet,0,0,0,7,7
7pc-Silicone-Baby-Feeding-Set,7pc Silicone Baby Feeding Set,Title,Default Title,,,,,C-1300202,,,4aKid & 4aPet,0,0,0,101,101
A3-Scratch-Card-Series-(2pc)-Bright-City,A3 Scratch Card Series (2pc) - Bright City,Title,Default Title,,,,,4-SCRATCH0211,,,4aKid & 4aPet,0,0,0,6,6
A3-Scratch-Card-Series-(2pc)-Night-View,A3 Scratch Card Series (2pc) - Night View,Title,Default Title,,,,,4-SCRATCH0311,,,4aKid & 4aPet,0,0,0,1,1
A5-Creative-Color-Scratch-Art-Cards-for-Kids,A5 Creative Color Scratch Art Cards for Kids,Title,Default Title,,,,,4-SCRATCH0511,,,4aKid & 4aPet,0,0,0,43,43
Acrylic-Dual-Markers-8pc,Acrylic Dual Markers 8pc,Title,Default Title,,,,,4-PEN01212631,,,4aKid & 4aPet,0,0,0,18,18
Acrylic-Paint-Markers-24pc,Acrylic Paint Markers - 24pc,Title,Default Title,,,,,4-PEN0121261,,,4aKid & 4aPet,0,0,0,26,26
Adult-Fabric-Mask-Assorted-Colours-and-Patterns,Adult Fabric Mask - Assorted Colours and Patterns,Title,Default Title,,,,,B-MASK0011,,,4aKid & 4aPet,0,0,0,21,21
Adults-Reusable-Fabric-3-Layer-Non-Medical-Mask-Large-Size,Adults Reusable Fabric 3-Layer Non-Medical Mask - Large Size,Title,Default Title,,,,,4-MASK003,,,4aKid & 4aPet,0,0,0,27,27
AHA-30%-&-BHA-2%-Exfoliation-Face-Serum-30ml,AHA 30% & BHA 2% Exfoliation Face Serum 30ml,Title,Default Title,,,,,4-MAK0513,,,4aKid & 4aPet,0,0,0,3,3
Aloe-Vera-Collagen-&-Vitamin-E-Face-Serum-30ml,Aloe Vera Collagen & Vitamin E Face Serum 30ml,Title,Default Title,,,,,4-MAK05172,,,4aKid & 4aPet,0,0,0,11,11
Alphacell-10-way-Multiplug,Alphacell 10-way Multiplug,Title,Default Title,,,,,AL-PLU0013,,,4aKid & 4aPet,0,0,0,2,2
Alphacell-10-way-Multiplug-5x-16a&-4x-5a&-1x-Shuko-+-Switches,Alphacell 10-way Multiplug 5x 16a& 4x 5a& 1x Shuko + Switches,Title,Default Title,,,,,AL-PLU0012,,,4aKid & 4aPet,0,0,0,1,1
Alphacell-10-way-Multiplug-with-5m-Extension,Alphacell 10-way Multiplug with 5m Extension,Title,Default Title,,,,,AL-PLU0016,,,4aKid & 4aPet,0,0,0,2,2
Alphacell-3-way-Adaptor,Alphacell 3-way Adaptor,Title,Default Title,,,,,AL-PLU0015,,,4aKid & 4aPet,0,0,0,1,1
Alphacell-3-way-Multiplug,Alphacell 3-way Multiplug,Title,Default Title,,,,,AL-PLU0017,,,4aKid & 4aPet,0,0,0,1,1
Alphacell-4-way-Multiplug-with-5-metre-Extension,Alphacell 4-way Multiplug with 5-metre Extension,Title,Default Title,,,,,AL-PLU001,,,4aKid & 4aPet,0,0,0,1,1
Alphacell-5-way-Multiplug,Alphacell 5-way Multiplug,Title,Default Title,,,,,AL-PLU00191,,,4aKid & 4aPet,0,0,0,3,3
Alphacell-8-way-Multiplug,Alphacell 8-way Multiplug,Title,Default Title,,,,,AL-PLU0019,,,4aKid & 4aPet,0,0,0,1,1
Alphacell-8-way-Multiplug-Illuminated-Switch,Alphacell 8-way Multiplug Illuminated Switch,Title,Default Title,,,,,AL-PLU0011,,,4aKid & 4aPet,0,0,0,2,2
Alphacell-Alkaline-Hyper-Value-Battery-Size-9v-1pc,Alphacell Alkaline Hyper Value Battery - Size 9v 1pc,Title,Default Title,,,,,BAT041,,,4aKid & 4aPet,0,0,0,1,1
Alphacell-Alkaline-Hyper-Value-Battery-Size-AA-2pc,Alphacell Alkaline Hyper Value Battery - Size AA 2pc,Title,Default Title,,,,,BAT0411,,,4aKid & 4aPet,0,0,0,1,1
Alphacell-Alkaline-Hyper-Value-Battery-Size-AA-4pc,Alphacell Alkaline Hyper Value Battery - Size AA 4pc,Title,Default Title,,,,,BAT0412,,,4aKid & 4aPet,0,0,0,1,1
Alphacell-Alkaline-Hyper-Value-Battery-Size-AAA-2pc,Alphacell Alkaline Hyper Value Battery - Size AAA 2pc,Title,Default Title,,,,,BAT0413,,,4aKid & 4aPet,0,0,0,1,1
Alphacell-Alkaline-Hyper-Value-Battery-Size-AAA-4pc,Alphacell Alkaline Hyper Value Battery - Size AAA 4pc,Title,Default Title,,,,,BAT0414,,,4aKid & 4aPet,0,0,0,2,2
Alphacell-Alkaline-Hyper-Value-Battery-Size-C-2pc,Alphacell Alkaline Hyper Value Battery - Size C 2pc,Title,Default Title,,,,,BAT0415,,,4aKid & 4aPet,0,0,0,1,1
Alphacell-Alkaline-Pro-Digital-Batteries-Size-C-2pc,Alphacell Alkaline Pro Digital Batteries - Size C 2pc,Title,Default Title,,,,,BAT014,,,4aKid & 4aPet,0,0,0,8,8
Alphacell-Alkaline-Pro-Digital-Batteries-Size-D-2pc,Alphacell Alkaline Pro Digital Batteries - Size D 2pc,Title,Default Title,,,,,BAT015,,,4aKid & 4aPet,0,0,0,4,4
Alphacell-Alkaline-Pro-Digital-Battery-Size-9V-1pc,Alphacell Alkaline Pro Digital Battery - Size 9V 1pc,Title,Default Title,,,,,BAT016,,,4aKid & 4aPet,0,0,0,1,1
Alphacell-Alkaline-Pro-Digital-Battery-Size-AA-2pc,Alphacell Alkaline Pro Digital Battery - Size AA 2pc,Title,Default Title,,,,,BAT0121,,,4aKid & 4aPet,0,0,0,8,8
Alphacell-Alkaline-Pro-Digital-Battery-Size-AA-4pc,Alphacell Alkaline Pro Digital Battery - Size AA 4pc,Title,Default Title,,,,,BAT012,,,4aKid & 4aPet,0,0,0,5,5
Alphacell-Alkaline-Pro-Digital-Battery-Size-AA-6pc,Alphacell Alkaline Pro Digital Battery - Size AA 6pc,Title,Default Title,,,,,BAT0122,,,4aKid & 4aPet,0,0,0,5,5
Alphacell-Alkaline-Pro-Digital-Battery-Size-AA-8pc,Alphacell Alkaline Pro Digital Battery - Size AA 8pc,Title,Default Title,,,,,BAT0123,,,4aKid & 4aPet,0,0,0,6,6
Alphacell-Alkaline-Pro-Digital-Battery-Size-AAA-2pc,Alphacell Alkaline Pro Digital Battery - Size AAA 2pc,Title,Default Title,,,,,BAT0131,,,4aKid & 4aPet,0,0,0,3,3
Alphacell-Alkaline-Pro-Digital-Battery-Size-AAA-4pc,Alphacell Alkaline Pro Digital Battery - Size AAA 4pc,Title,Default Title,,,,,BAT013,,,4aKid & 4aPet,0,0,0,14,14
Alphacell-International-Adaptor-European-44644,Alphacell International Adaptor European 44644,Title,Default Title,,,,,AL-PLUG0015,,,4aKid & 4aPet,0,0,0,7,7
Alphacell-International-Universal-Adaptor-SG-16A,Alphacell International Universal Adaptor SG 16A,Title,Default Title,,,,,AL-PLUG0012,,,4aKid & 4aPet,0,0,0,1,1
Alphacell-Multiplug-5-way-5x16A,Alphacell Multiplug - 5-way - 5x16A,Title,Default Title,,,,,AL-PLU00131,,,4aKid & 4aPet,0,0,0,1,1
Alphacell-Multiplug-7-way-with-1-Switch-Surge,Alphacell Multiplug - 7-way with 1 Switch Surge,Title,Default Title,,,,,AL-PLU001314,,,4aKid & 4aPet,0,0,0,1,1
Alphacell-Plug-Top-USB-(2-x-2.1A),Alphacell Plug Top - USB (2 x 2.1A),Title,Default Title,,,,,AL-PLUG001,,,4aKid & 4aPet,0,0,0,9,9
Alphacell-Value-Battery-Size-AA-2pc,Alphacell Value Battery - Size AA 2pc,Title,Default Title,,,,,BAT0031,,,4aKid & 4aPet,0,0,0,10,10
Alphacell-Value-Battery-Size-AA-4pc,Alphacell Value Battery - Size AA 4pc,Title,Default Title,,,,,BAT00311,,,4aKid & 4aPet,0,0,0,15,15
Alphacell-Value-Battery-Size-AA-6pc,Alphacell Value Battery - Size AA 6pc,Title,Default Title,,,,,BAT00312,,,4aKid & 4aPet,0,0,0,1,1
Alphacell-Value-Battery-Size-AAA-2pc,Alphacell Value Battery - Size AAA 2pc,Title,Default Title,,,,,BAT00313,,,4aKid & 4aPet,0,0,0,5,5
Alphacell-Value-Battery-Size-AAA-4pc,Alphacell Value Battery - Size AAA 4pc,Title,Default Title,,,,,BAT00314,,,4aKid & 4aPet,0,0,0,2,2
Alphacell-Value-Battery-Size-C-2pc,Alphacell Value Battery - Size C 2pc,Title,Default Title,,,,,BAT00315,,,4aKid & 4aPet,0,0,0,3,3
Alphacell-Value-Battery-Size-D-2pc,Alphacell Value Battery - Size D 2pc,Title,Default Title,,,,,BAT00316,,,4aKid & 4aPet,0,0,0,4,4
Alphacell-White-Extension-Cord-10A-10m,Alphacell White Extension Cord 10A - 10m,Title,Default Title,,,,,AL-PLU0018,,,4aKid & 4aPet,0,0,0,1,1
Alphacell-White-Extension-Cord-10A-15m,Alphacell White Extension Cord 10A - 15m,Title,Default Title,,,,,AL-PLU00182,,,4aKid & 4aPet,0,0,0,1,1
Alphacell-White-Extension-Cord-10A-20m,Alphacell White Extension Cord 10A - 20m,Title,Default Title,,,,,AL-PLU00184,,,4aKid & 4aPet,0,0,0,1,1
Alphacell-White-Extension-Cord-10A-5m,Alphacell White Extension Cord 10A - 5m,Title,Default Title,,,,,AL-PLU00181,,,4aKid & 4aPet,0,0,0,1,1
Alphacell-White-Extension-Cord-16A-10m,Alphacell White Extension Cord 16A - 10m,Title,Default Title,,,,,AL-PLU0018512,,,4aKid & 4aPet,0,0,0,3,3
Alphacell-White-Extension-Cord-16A-20m,Alphacell White Extension Cord 16A - 20m,Title,Default Title,,,,,AL-PLU0018513,,,4aKid & 4aPet,0,0,0,1,1
Alphacell-White-Extension-Cord-16A-3m,Alphacell White Extension Cord 16A - 3m,Title,Default Title,,,,,AL-PLU001851,,,4aKid & 4aPet,0,0,0,1,1
Alphacell-White-Extension-Cord-16A-5m,Alphacell White Extension Cord 16A - 5m,Title,Default Title,,,,,AL-PLU0018511,,,4aKid & 4aPet,0,0,0,1,1
Alphacell-Zinc-Carbon-Battery-Size-AA-4pc,Alphacell Zinc Carbon Battery - Size AA 4pc,Title,Default Title,,,,,BAT0021,,,4aKid & 4aPet,0,0,0,3,3
Alphacell-Zinc-Carbon-Battery-Size-C-2pc,Alphacell Zinc Carbon Battery - Size C 2pc,Title,Default Title,,,,,BAT00212,,,4aKid & 4aPet,0,0,0,3,3
Amber-Baby-Teething-Necklace-Cognac-(Amber),Amber Baby Teething Necklace - Cognac (Amber),Title,Default Title,,,,,TEE001,,,4aKid & 4aPet,0,0,0,9,9
Amber-Baby-Teething-Necklace-Honey,Amber Baby Teething Necklace - Honey,Title,Default Title,,,,,TEE0013,,,4aKid & 4aPet,0,0,0,11,11
Amber-Baby-Teething-Necklace-Multi,Amber Baby Teething Necklace - Multi,Title,Default Title,,,,,TEE0014,,,4aKid & 4aPet,0,0,0,28,28
Animals-Water-Color-Card-Art,Animals Water Color Card Art,Title,Default Title,,,,,4-PAINT014,,,4aKid & 4aPet,0,0,0,2,2
Aroma-Diffuser-7-LED-Colours,Aroma Diffuser 7 LED Colours,Title,Default Title,,,,,4-HUM014,,,4aKid & 4aPet,0,0,0,2,2
Assorted-Bling-Hairclips-5pc,Assorted Bling Hairclips - 5pc,Title,Default Title,,,,,4-HAIRCLIP032,,,4aKid & 4aPet,0,0,0,7,7
Ava-the-Elephant-Talking-Children's-Medicine-Dispenser,Ava the Elephant Talking Children's Medicine Dispenser,Title,Default Title,,,,,AFR-AVA011,,,4aKid & 4aPet,0,0,0,266,266
Avocado-Clay-Mask-(3pc),Avocado Clay Mask (3pc),Title,Default Title,,,,,4-MAK05177,,,4aKid & 4aPet,0,0,0,6,6
Avocado-Facial-Mask-(10pc),Avocado Facial Mask (10pc),Title,Default Title,,,,,4-MAK0711,,,4aKid & 4aPet,0,0,0,1,1
Baby-Banana-Teether-Assorted-Colours,Baby Banana Teether - Assorted Colours,Title,Default Title,,,,,4-BAN002,,,4aKid & 4aPet,0,0,0,2,2
Baby-Cot-Hammock-Assorted-Colours,Baby Cot Hammock - Assorted Colours,Title,Default Title,,,,,4-HAMMOCK012,,,4aKid & 4aPet,0,0,0,1,1
Baby-Electric-Nasal-&-Ear-Aspirator,Baby Electric Nasal & Ear Aspirator,Title,Default Title,,,,,4-CARE0031,,,4aKid & 4aPet,0,0,0,2,2
Baby-Fruit-Feeder-Assorted-colours,Baby Fruit Feeder - Assorted colours,Title,Default Title,,,,,FRE004,,,4aKid & 4aPet,0,0,0,50,50
Baby-Manicure-Set-4pc,Baby Manicure Set 4pc,Title,Default Title,,,,,4-CARE021,,,4aKid & 4aPet,0,0,0,10,10
Baby-Nail-Clippers-(2pc),Baby Nail Clippers (2pc),Title,Default Title,,,,,4-CARE0311,,,4aKid & 4aPet,0,0,0,28,28
Baby-Nursery-Organizer-Navy,Baby Nursery Organizer - Navy,Title,Default Title,,,,,4-NUR001,,,4aKid & 4aPet,0,0,0,2,2
Baby-Silicone-Spoon-&-Fork-Set-Assorted-Colours,Baby Silicone Spoon & Fork Set - Assorted Colours,Title,Default Title,,,,,SIL0051,,,4aKid & 4aPet,0,0,0,191,191
Baby-Turban-Hat,Baby Turban Hat,Title,Default Title,,,,,4-HAT011,,,4aKid & 4aPet,0,0,0,5,5
BabyNature-Congestion-Bath-Oil-100ml-(Pre-Order),BabyNature Congestion Bath Oil 100ml (Pre-Order),Title,Default Title,,,,,FEEL/BBN013,,,4aKid & 4aPet,0,0,0,1,1
BabyNature-Cradle-Cap-50ml-(Pre-Order),BabyNature Cradle Cap 50ml (Pre-Order),Title,Default Title,,,,,FEEL/BBN002,,,4aKid & 4aPet,0,0,0,1,1
BabyNature-Gentle-Bath-Sponge-Natural-Sponge-(Pre-Order),BabyNature Gentle Bath Sponge - Natural Sponge (Pre-Order),Title,Default Title,,,,,FEEL/BBN006,,,4aKid & 4aPet,0,0,0,2,2
BabyNature-Sleep-Drops-30ml-(Pre-Order),BabyNature Sleep Drops 30ml (Pre-Order),Title,Default Title,,,,,FEEL/BBN017,,,4aKid & 4aPet,0,0,0,3,3
Backpack-Baby-Diaper-Bag-Navy,Backpack Baby Diaper Bag - Navy,Title,Default Title,,,,,BAG00162,,,4aKid & 4aPet,0,0,0,3,3
Backpack-Baby-Diaper-Bag-Peach,Backpack Baby Diaper Bag - Peach,Title,Default Title,,,,,BAG0016,,,4aKid & 4aPet,0,0,0,8,8
Backpack-Baby-Diaper-Bag-Red,Backpack Baby Diaper Bag - Red,Title,Default Title,,,,,BAG00161,,,4aKid & 4aPet,0,0,0,1,1
Backpack-Baby-Diaper-Bag-–-Aqua,Backpack Baby Diaper Bag – Aqua,Title,Default Title,,,,,BAG00165,,,4aKid & 4aPet,0,0,0,5,5
Backpack-Play-Case-Market,Backpack Play Case - Market,Title,Default Title,,,,,C-8001291,,,4aKid & 4aPet,0,0,0,194,194
Bamboo-Bath-Caddy,Bamboo Bath Caddy,Title,Default Title,,,,,C-2001033,,,4aKid & 4aPet,0,0,0,87,87
Bee-Toothbrush-Holder-Assorted-Colours,Bee Toothbrush Holder - Assorted Colours,Title,Default Title,,,,,TOO0045,,,4aKid & 4aPet,0,0,0,3,3
Beebo-Hands-Free-Bottle-Feeder,Beebo Hands Free Bottle Feeder,Title,Default Title,,,,,AFR-BEEB011,,,4aKid & 4aPet,0,0,0,31,31
Belts-&-Ties-Well-Hung-for-Organised-Gentlemen,Belts & Ties Well Hung for Organised Gentlemen,Title,Default Title,,,,,OL-WELL01,,,4aKid & 4aPet,0,0,0,64,64
Bling-Hangit-Jewellery-Hanger-Assorted-Colours,Bling Hangit Jewellery Hanger - Assorted Colours,Title,Default Title,,,,,OL-HANG01,,,4aKid & 4aPet,0,0,0,55,55
Braided-Baby-Pacifier-Clips-4pc-Assorted-Colours,Braided Baby Pacifier Clips 4pc - Assorted Colours,Title,Default Title,,,,,4-PAC0031,,,4aKid & 4aPet,0,0,0,4,4
Braided-Cot-Bumper-For-Babies-4m,Braided Cot Bumper For Babies 4m,Title,Default Title,,,,,B-BUMP0023,,,4aKid & 4aPet,0,0,0,1,1
Breast-Milk-200ml-Storage-Bags-(30pc),Breast Milk 200ml Storage Bags (30pc),Title,Default Title,,,,,4-NUR011,,,4aKid & 4aPet,0,0,0,22,22
Build-Bonanza-Building-Block-Tape,Build Bonanza Building-Block Tape,Title,Default Title,,,,,4-BUILD01214,,,4aKid & 4aPet,0,0,0,9,9
Building-Blocks-Cities-Space-Shuttle-873pc,Building Blocks - Cities Space Shuttle 873pc,Title,Default Title,,,,,4-BUILD6511,,,4aKid & 4aPet,0,0,0,2,2
Building-Brick-Mug-Blue,Building Brick Mug - Blue,Title,Default Title,,,,,4-BUILD01113,,,4aKid & 4aPet,0,0,0,6,6
Bulb-Humidifier,Bulb Humidifier,Title,Default Title,,,,,4-BUL001,,,4aKid & 4aPet,0,0,0,3,3
Bunny-Ear-Natural-Wood-Baby-Teether,Bunny Ear Natural Wood Baby Teether,Title,Default Title,,,,,B-TEE00112,,,4aKid & 4aPet,0,0,0,5,5
Caffeine-Solution-5%-&-EGCG-Eye-Essence-30ml,Caffeine Solution 5% & EGCG Eye Essence 30ml,Title,Default Title,,,,,4-MAK0516,,,4aKid & 4aPet,0,0,0,4,4
Canvas-Hanging-Organiser,Canvas Hanging Organiser,Title,Default Title,,,,,OL-HANG04,,,4aKid & 4aPet,0,0,0,3,3
Carousel-Music-Drum-for-Babies,Carousel Music Drum for Babies,Title,Default Title,,,,,4-TOY0122,,,4aKid & 4aPet,0,0,0,1,1
Carrot-Collagen-&-Vitamin-E-Face-Serum-30ml,Carrot Collagen & Vitamin E Face Serum 30ml,Title,Default Title,,,,,4-MAK05174,,,4aKid & 4aPet,0,0,0,1,1
Charli-2-in-1-Bath-and-Shower-Baby-Chair,Charli 2 in 1 Bath and Shower Baby Chair,Title,Default Title,,,,,AFR-CHA011,,,4aKid & 4aPet,0,0,0,31,31
Child-Safety-Appliance-Latch-(F105),Child Safety Appliance Latch (F105),Title,Default Title,,,,,D-F105,,,4aKid & 4aPet,0,0,0,1,1
Child-Safety-Corner-Cushions-4-Pack-(F104),Child Safety Corner Cushions - 4 Pack (F104),Title,Default Title,,,,,D-F104,,,4aKid & 4aPet,0,0,0,2,2
Children's-Disposable-Face-Masks-Box-of-50,Children's Disposable Face Masks - Box of 50,Title,Default Title,,,,,4-MASK010,,,4aKid & 4aPet,0,0,0,5,5
Christmas-Cookie-Plunger-Cutter,Christmas Cookie Plunger Cutter,Title,Default Title,,,,,CUT0411,,,4aKid & 4aPet,0,0,0,8,8
Cityline-3D-Puzzle,Cityline 3D Puzzle,Title,Default Title,,,,,4-PUZ00511,,,4aKid & 4aPet,0,0,0,3,3
Classic-Jenga-Game,Classic Jenga Game,Title,Default Title,,,,,4-GAM00222,,,4aKid & 4aPet,0,0,0,1,1
Clear-Unicorn-Umbrella,Clear Unicorn Umbrella,Title,Default Title,,,,,UMB0055,,,4aKid & 4aPet,0,0,0,12,12
Clothes-Airing-Game,Clothes Airing Game,Title,Default Title,,,,,4-GAM00331,,,4aKid & 4aPet,0,0,0,1,1
Coco-Doll,Coco Doll,Title,Default Title,,,,,OL-COCO01,,,4aKid & 4aPet,0,0,0,12,12
Color-Cube-Sudoku,Color Cube Sudoku,Title,Default Title,,,,,4-GAM0012,,,4aKid & 4aPet,0,0,0,1,1
Coloring-In-Tape,Coloring-In Tape,Title,Default Title,,,,,4-COL022,,,4aKid & 4aPet,0,0,0,7,7
Compact-Rotating-Jewellery-Organizer,Compact Rotating Jewellery Organizer,Title,Default Title,,,,,4-JEWEL003,,,4aKid & 4aPet,0,0,0,5,5
Cookie-Cutter-Set-Batman,Cookie Cutter Set - Batman,Title,Default Title,,,,,CUT0065,,,4aKid & 4aPet,0,0,0,14,14
Cookie-Cutter-Set-Love,Cookie Cutter Set - Love,Title,Default Title,,,,,CUT00324,,,4aKid & 4aPet,0,0,0,8,8
Cookie-Cutter-Set-Sea-Life,Cookie Cutter Set - Sea Life,Title,Default Title,,,,,CUT00322,,,4aKid & 4aPet,0,0,0,1,1
Coral-Baby-Bottle-Rack,Coral Baby Bottle Rack,Title,Default Title,,,,,C-1300233,,,4aKid & 4aPet,0,0,0,211,211
Cotton-Teddy-Comforter-and-Wooden-Bunny-Teether,Cotton Teddy Comforter and Wooden Bunny Teether,Title,Default Title,,,,,C-1300254,,,4aKid & 4aPet,0,0,0,6,6
Creative-Colour-Wooden-Abacus-Play-Table,Creative Colour Wooden Abacus Play Table,Title,Default Title,,,,,C-8001523,,,4aKid & 4aPet,0,0,0,8,8
Crochet-Baby-Pacifier-Clip-Natural-Thin,Crochet Baby Pacifier Clip - Natural Thin,Title,Default Title,,,,,4-PAC0041,,,4aKid & 4aPet,0,0,0,6,6
Crochet-Baby-Pacifier-Clips,Crochet Baby Pacifier Clips,Title,Default Title,,,,,4-PAC00411,,,4aKid & 4aPet,0,0,0,19,19
Curved-Toddler-Spoon-&-Fork,Curved Toddler Spoon & Fork,Title,Default Title,,,,,4-CUT0015,,,4aKid & 4aPet,0,0,0,29,29
Cute-Plush-Baby-Chair,Cute Plush Baby Chair,Title,Default Title,,,,,4-PLU011,,,4aKid & 4aPet,0,0,0,10,10
Dare-U-GO!-5-in-1-Food-Storage-Bib,Dare-U-GO! 5-in-1 Food Storage Bib,Title,Default Title,,,,,AFR-BIB012,,,4aKid & 4aPet,0,0,0,26,26
Dino-Play-Dough-Case,Dino Play Dough Case,Title,Default Title,,,,,C-8000658,,,4aKid & 4aPet,0,0,0,91,91
DIY-Beaded-Fort-Tent-(87pc),DIY Beaded Fort Tent (87pc),Title,Default Title,,,,,C-8002153,,,4aKid & 4aPet,0,0,0,96,96
DIY-Beaded-Luminous-Fort-Tent-(100pc),DIY Beaded Luminous Fort Tent (100pc),Title,Default Title,,,,,C-8002157,,,4aKid & 4aPet,0,0,0,47,47
DIY-Beaded-Luminous-Fort-Tent-with-Cloth-(100pc),DIY Beaded Luminous Fort Tent with Cloth (100pc),Title,Default Title,,,,,C-8002156,,,4aKid & 4aPet,0,0,0,90,90
DIY-Beaded-Luminous-Fort-Tent-with-Cloth-(87pc),DIY Beaded Luminous Fort Tent with Cloth (87pc),Title,Default Title,,,,,C-8002155,,,4aKid & 4aPet,0,0,0,98,98
DIY-Fabric-Apron-Marker-Set,DIY Fabric Apron Marker Set,Title,Default Title,,,,,4-PEN01252,,,4aKid & 4aPet,0,0,0,27,27
DIY-Fabric-Hand-Puppet-Marker-Set,DIY Fabric Hand Puppet Marker Set,Title,Default Title,,,,,4-PEN01256,,,4aKid & 4aPet,0,0,0,4,4
DIY-Garden-House-Play-Set-Blue-(Pre-Order),DIY Garden House Play Set - Blue (Pre-Order),Title,Default Title,,,,,C-8001209,,,4aKid & 4aPet,0,0,0,29,29
DIY-Luminous-Fort-Tent-(87pc),DIY Luminous Fort Tent (87pc),Title,Default Title,,,,,C-8002154,,,4aKid & 4aPet,0,0,0,74,74
Donut-Water-Bottle,Donut Water Bottle,Title,Default Title,,,,,4-BOT0614,,,4aKid & 4aPet,0,0,0,3,3
Dos-Card-Game,Dos Card Game,Title,Default Title,,,,,4-GAM0016,,,4aKid & 4aPet,0,0,0,2,2
Dreamland-Baby-Weighted-Sleep-Sack-12-24-months,Dreamland Baby Weighted Sleep Sack 12-24 months,Title,Default Title,,,,,MC-DREAM26,,,4aKid & 4aPet,0,0,0,10,10
Dreamland-Baby-Weighted-Sleep-Sack-6-12-months,Dreamland Baby Weighted Sleep Sack 6-12 months,Title,Default Title,,,,,MC-DREAM16,,,4aKid & 4aPet,0,0,0,10,10
Dreamland-Baby-Weighted-Sleep-Swaddle-0-6-months,Dreamland Baby Weighted Sleep Swaddle 0-6 months,Title,Default Title,,,,,MC-DREAM11,,,4aKid & 4aPet,0,0,0,10,10
Dreamland-Toddler-Weighted-Sleep-Sack-24-36-months,Dreamland Toddler Weighted Sleep Sack 24-36 months,Title,Default Title,,,,,MC-DREAM31,,,4aKid & 4aPet,0,0,0,2,2
Earring-Holdit-Jewellery-Organizer-Pink,Earring Holdit Jewellery Organizer - Pink,Title,Default Title,,,,,OL-HANG012,,,4aKid & 4aPet,0,0,0,39,39
Easy-Peesy-Toddler-Froggy-Urinal-for-Boys-Blue/Orange,Easy-Peesy Toddler Froggy Urinal for Boys - Blue/Orange,Title,Default Title,,,,,URI001,,,4aKid & 4aPet,0,0,0,24,24
Educational-Interlocking-Building-Links-Round-Balls-&-Figures,Educational Interlocking Building Links - Round Balls & Figures,Title,Default Title,,,,,4-BLOCK151,,,4aKid & 4aPet,0,0,0,2,2
Eggs-Collagen-&-Vitamin-E-Face-Serum-30ml,Eggs Collagen & Vitamin E Face Serum 30ml,Title,Default Title,,,,,4-MAK05175,,,4aKid & 4aPet,0,0,0,3,3
Electric-Baby-Nail-File,Electric Baby Nail File,Title,Default Title,,,,,4-CARE011,,,4aKid & 4aPet,0,0,0,12,12
Elephant-Baby-Pillow-Grey,Elephant Baby Pillow - Grey,Title,Default Title,,,,,4-PIL001,,,4aKid & 4aPet,0,0,0,7,7
Elephant-Baby-Pillow-Pink,Elephant Baby Pillow - Pink,Title,Default Title,,,,,4-PIL0011,,,4aKid & 4aPet,0,0,0,6,6
Face-Mask-Sticks,Face Mask Sticks,Title,Default Title,,,,,4-MAK0210,,,4aKid & 4aPet,0,0,0,15,15
Feelgood-Health-AllergiClear-(Pre-Order),Feelgood Health - AllergiClear (Pre-Order),Title,Default Title,,,,,FEEL/FGALC001,,,4aKid & 4aPet,0,0,0,2,2
Feelgood-Health-Baniflu-For-All-Ages,Feelgood Health - Baniflu For All Ages,Title,Default Title,,,,,FEEL121,,,4aKid & 4aPet,0,0,0,2,2
Feelgood-Health-BrainShine-For-Adults-&-Teenagers-(Pre-Order),Feelgood Health - BrainShine For Adults & Teenagers (Pre-Order),Title,Default Title,,,,,FEEL/FG,,,4aKid & 4aPet,0,0,0,2,2
Feelgood-Health-Brightspark-for-Children,Feelgood Health - Brightspark for Children,Title,Default Title,,,,,FEEL02,,,4aKid & 4aPet,0,0,0,1,1
Feelgood-Health-Colic-Calmer-For-Babies,Feelgood Health - Colic Calmer For Babies,Title,Default Title,,,,,FEEL08,,,4aKid & 4aPet,0,0,0,2,2
Feelgood-Health-Congesto-K-Kiddierub-For-Children,Feelgood Health - Congesto-K Kiddierub For Children,Title,Default Title,,,,,FEEL3111,,,4aKid & 4aPet,0,0,0,2,2
Feelgood-Health-Dry-Night-For-Bedwetting-Children,Feelgood Health - Dry Night For Bedwetting Children,Title,Default Title,,,,,FEEL09,,,4aKid & 4aPet,0,0,0,1,1
Feelgood-Health-Fertile-XX,Feelgood Health - Fertile XX,Title,Default Title,,,,,FEEL20,,,4aKid & 4aPet,0,0,0,2,2
Feelgood-Health-Fertile-XY,Feelgood Health - Fertile XY,Title,Default Title,,,,,FEEL21,,,4aKid & 4aPet,0,0,0,2,2
Feelgood-Health-Focus-Formula-&-BrightSpark-Combo-for-Children,Feelgood Health - Focus Formula & BrightSpark Combo for Children,Title,Default Title,,,,,FEELC03,,,4aKid & 4aPet,0,0,0,1,1
Feelgood-Health-Focus-Formula-for-ADD-&-ADHD-Children,Feelgood Health - Focus Formula for ADD & ADHD Children,Title,Default Title,,,,,FEEL01,,,4aKid & 4aPet,0,0,0,1,1
Feelgood-Health-Good-Dream-Sprinkles-For-Children,Feelgood Health - Good Dream Sprinkles For Children,Title,Default Title,,,,,FEEL04,,,4aKid & 4aPet,0,0,0,2,2
Feelgood-Health-Immune-Kiddieboost-for-Children,Feelgood Health - Immune Kiddieboost for Children,Title,Default Title,,,,,FEEL03,,,4aKid & 4aPet,0,0,0,1,1
Feelgood-Health-JuniorSlim-for-Children,Feelgood Health - JuniorSlim for Children,Title,Default Title,,,,,FEEL23,,,4aKid & 4aPet,0,0,0,2,2
Feelgood-Health-K-OK-Kiddie-Calmer-For-Children,Feelgood Health - K-OK Kiddie Calmer For Children,Title,Default Title,,,,,FEEL29,,,4aKid & 4aPet,0,0,0,2,2
Feelgood-Health-Mindsoothe-Jr-for-children,Feelgood Health - Mindsoothe Jr for children,Title,Default Title,,,,,FEEL28,,,4aKid & 4aPet,0,0,0,1,1
Feelgood-Health-Mom's-Magic-Trauma-Sprinkles-for-Children,Feelgood Health - Mom's Magic Trauma Sprinkles for Children,Title,Default Title,,,,,FEEL160,,,4aKid & 4aPet,0,0,0,1,1
Feelgood-Health-Nature's-Milk-Drops-for-Nursing-Moms,Feelgood Health - Nature's Milk Drops for Nursing Moms,Title,Default Title,,,,,FEEL27,,,4aKid & 4aPet,0,0,0,2,2
Feelgood-Health-OralSoothe-for-Babies,Feelgood Health - OralSoothe for Babies,Title,Default Title,,,,,FEEL081,,,4aKid & 4aPet,0,0,0,1,1
Feelgood-Health-Sleepy-Sprinkles-&-Colic-Calmer-Combo-for-Babies,Feelgood Health - Sleepy Sprinkles & Colic Calmer Combo for Babies,Title,Default Title,,,,,FEELC02,,,4aKid & 4aPet,0,0,0,1,1
Feelgood-Health-Sleepy-Sprinkles-for-Babies,Feelgood Health - Sleepy Sprinkles for Babies,Title,Default Title,,,,,FEEL051,,,4aKid & 4aPet,0,0,0,3,3
Feelgood-Health-SOS-Hist-Allergy-Drops-for-Children-&-Adults,Feelgood Health - SOS-Hist Allergy Drops for Children & Adults,Title,Default Title,,,,,FEEL12,,,4aKid & 4aPet,0,0,0,1,1
Feelgood-Health-DuDu-Drops-for-Babies-(0-12-months)-50ml,Feelgood Health DuDu Drops for Babies (0-12 months) 50ml,Title,Default Title,,,,,FEEL0511,,,4aKid & 4aPet,0,0,0,1,1
Felt-Nappy-Organizer-Caddy-Grey,Felt Nappy Organizer Caddy - Grey,Title,Default Title,,,,,4-NAP01,,,4aKid & 4aPet,0,0,0,35,35
Fidget-Twist-Assorted-Colours,Fidget Twist - Assorted Colours,Title,Default Title,,,,,4-FIDG0016,,,4aKid & 4aPet,0,0,0,6,6
Fine-Living-Vinova-Tote-2pc-(Pre-Order),Fine Living Vinova Tote 2pc (Pre-Order),Title,Default Title,,,,,C-1500195,,,4aKid & 4aPet,0,0,0,120,120
Fish-Bite-Board-Game,Fish Bite Board Game,Title,Default Title,,,,,4-GAM0033,,,4aKid & 4aPet,0,0,0,1,1
Flamingo-Backpack-Baby-Diaper-Bag,Flamingo Backpack Baby Diaper Bag,Title,Default Title,,,,,BAG001815,,,4aKid & 4aPet,0,0,0,27,27
FLAXi-Baby-Flaxseed-&-Lavender-Heat-Therapy-Bag-Assorted,FLAXi Baby Flaxseed & Lavender Heat Therapy Bag - Assorted,Title,Default Title,,,,,FEEL/FLA020,,,4aKid & 4aPet,0,0,0,1,1
FLAXi-Toddler-Flaxseed-&-Lavender-Heat-Therapy-Bag-Assorted,FLAXi Toddler Flaxseed & Lavender Heat Therapy Bag - Assorted,Title,Default Title,,,,,FEEL/FLA025,,,4aKid & 4aPet,0,0,0,3,3
Flying-Spinner-Ball,Flying Spinner Ball,Title,Default Title,,,,,4-BALL021,,,4aKid & 4aPet,0,0,0,5,5
Foam-Door-Stopper-Assorted-Animal-Themes,Foam Door Stopper - Assorted Animal Themes,Title,Default Title,,,,,FOA005,,,4aKid & 4aPet,0,0,0,1,1
Fort-Tent-for-Kids,Fort Tent for Kids,Title,Default Title,,,,,C-8002134,,,4aKid & 4aPet,0,0,0,6,6
Freshly-Fragrance-Pure-Aroma-Oil-Set,Freshly Fragrance Pure Aroma Oil Set,Title,Default Title,,,,,4-AROMA001,,,4aKid & 4aPet,0,0,0,3,3
Frigg-Butterfly-Silicone-Pacifier,Frigg Butterfly Silicone Pacifier,Title,Default Title,,,,,MC-FRIGGBUTTERFLYS01,,,4aKid & 4aPet,0,0,0,8,8
Frigg-Daisy-Latex-Pacifier,Frigg Daisy Latex Pacifier,Title,Default Title,,,,,MC-FRIGGDAISY02,,,4aKid & 4aPet,0,0,0,72,72
Frigg-Fairytale-X-H.C-Anderson-Latex-Pacifier,Frigg Fairytale X H.C Anderson Latex Pacifier,Title,Default Title,,,,,MC-FRIGGFAIRY01,,,4aKid & 4aPet,0,0,0,18,18
Frigg-Lucky-Silicone-Pacifier,Frigg Lucky Silicone Pacifier,Title,Default Title,,,,,MC-FRIGGLUCKYS05,,,4aKid & 4aPet,0,0,0,24,24
Frigg-Moonphase-Latex-Pacifier,Frigg Moonphase Latex Pacifier,Title,Default Title,,,,,MC-FRIGGMOONL01,,,4aKid & 4aPet,0,0,0,60,60
Frigg-Moonphase-Silicone-Pacifier,Frigg Moonphase Silicone Pacifier,Title,Default Title,,,,,MC-FRIGGMOONS01,,,4aKid & 4aPet,0,0,0,12,12
Frigg-Rope-Latex-Pacifier,Frigg Rope Latex Pacifier,Title,Default Title,,,,,MC-FRIGGROPEL02,,,4aKid & 4aPet,0,0,0,78,78
Frigg-Rope-Silicone-Pacifier,Frigg Rope Silicone Pacifier,Title,Default Title,,,,,MC-FRIGGROPES02,,,4aKid & 4aPet,0,0,0,12,12
Giraffe-Height-Measuring-Tape-for-Kids,Giraffe Height Measuring Tape for Kids,Title,Default Title,,,,,4-TAPE001,,,4aKid & 4aPet,0,0,0,151,151
Glow-Tonic-Exfoliating-Radiance-Serum-30ml,Glow Tonic Exfoliating Radiance Serum 30ml,Title,Default Title,,,,,4-MAK051,,,4aKid & 4aPet,0,0,0,3,3
Gold-Bling-I-Love-You-Baby-Pacifier,Gold Bling I Love You Baby Pacifier,Title,Default Title,,,,,4-PAC011,,,4aKid & 4aPet,0,0,0,5,5
Heart-Light-Board,Heart Light Board,Title,Default Title,,,,,C-1500065,,,4aKid & 4aPet,0,0,0,25,25
Hip-Hop-Pops-Spin-&-Pop,Hip Hop Pops Spin & Pop,Title,Default Title,,,,,4-POP011,,,4aKid & 4aPet,0,0,0,9,9
Hyaluronic-Acid-HA-Serum-30ml,Hyaluronic Acid HA Serum 30ml,Title,Default Title,,,,,4-MAK0511,,,4aKid & 4aPet,0,0,0,1,1
Hyaluronic-Acid-Scar-Repair-Essence-30ml,Hyaluronic Acid Scar Repair Essence 30ml,Title,Default Title,,,,,4-MAK0514,,,4aKid & 4aPet,0,0,0,3,3
Infantino-Tub-O'-Toys,Infantino Tub O' Toys,Title,Default Title,,,,,BT-TUB001,,,4aKid & 4aPet,0,0,0,2,2
Inflatable-Garden-Toy-Water-Sprinkler-Octopus,Inflatable Garden Toy Water Sprinkler - Octopus,Title,Default Title,,,,,4-PLAY00353,,,4aKid & 4aPet,0,0,0,2,2
Inflatable-Garden-Toy-Water-Sprinkler-Palm-Tree,Inflatable Garden Toy Water Sprinkler - Palm Tree,Title,Default Title,,,,,4-PLAY00351,,,4aKid & 4aPet,0,0,0,1,1
Inflatable-Toy-Punching-Bag-Yellow,Inflatable Toy Punching Bag - Yellow,Title,Default Title,,,,,C-1700274,,,4aKid & 4aPet,0,0,0,20,20
InfoBand™-Boys,InfoBand™ - Boys,Title,Default Title,,,,,INF010,,,4aKid & 4aPet,0,0,0,127,127
InfoBand™-Girls,InfoBand™ - Girls,Title,Default Title,,,,,INF001,,,4aKid & 4aPet,0,0,0,187,187
Intelligent-Double-Electric-Breast-Pump,Intelligent Double Electric Breast Pump,Title,Default Title,,,,,4-NUR0021,,,4aKid & 4aPet,0,0,0,3,3
Intelligent-Single-Electric-Breast-Pump,Intelligent Single Electric Breast Pump,Title,Default Title,,,,,4-NUR002,,,4aKid & 4aPet,0,0,0,10,10
Jenga-Octagon,Jenga Octagon,Title,Default Title,,,,,4-GAM002251,,,4aKid & 4aPet,0,0,0,1,1
Jeronimo-100-Piece-Train-Set-With-Table-(Pre-Order),Jeronimo 100 Piece Train Set With Table (Pre-Order),Title,Default Title,,,,,C-8000388,,,4aKid & 4aPet,0,0,0,45,45
Jeronimo-2-in-1-Dessert-Carry-Case-Playset,Jeronimo 2 in 1 Dessert Carry Case Playset,Title,Default Title,,,,,C-8002080,,,4aKid & 4aPet,0,0,0,1,1
Jeronimo-2-in-1-Kitchen-Carry-Case-Playset,Jeronimo 2 in 1 Kitchen Carry Case Playset,Title,Default Title,,,,,C-8002083,,,4aKid & 4aPet,0,0,0,196,196
Jeronimo-2-in-1-Medical-Carry-Case-Playset,Jeronimo 2 in 1 Medical Carry Case Playset,Title,Default Title,,,,,C-8002081,,,4aKid & 4aPet,0,0,0,1,1
Jeronimo-2-in-1-Tool-Carry-Case-Playset,Jeronimo 2 in 1 Tool Carry Case Playset,Title,Default Title,,,,,C-8002082,,,4aKid & 4aPet,0,0,0,162,162
Jeronimo-36PCS-Apron-Painting-Play-Set,Jeronimo 36PCS Apron Painting Play Set,Title,Default Title,,,,,C-8002076,,,4aKid & 4aPet,0,0,0,228,228
Jeronimo-Apron-Gardening-Set-Dino's,Jeronimo Apron Gardening Set - Dino's,Title,Default Title,,,,,C-8002046,,,4aKid & 4aPet,0,0,0,305,305
Jeronimo-Backpack-Pet-Pony,Jeronimo Backpack - Pet Pony,Title,Default Title,,,,,C-8000868,,,4aKid & 4aPet,0,0,0,184,184
Jeronimo-Backpack-Kitchen-(Pre-Order),Jeronimo Backpack Kitchen (Pre-Order),Title,Default Title,,,,,C-8000873,,,4aKid & 4aPet,0,0,0,195,195
Jeronimo-Blender-&-Fruits-Shop-Counter-Play-Set-(Pre-Order),Jeronimo Blender & Fruits Shop Counter Play Set (Pre-Order),Title,Default Title,,,,,C-8001744,,,4aKid & 4aPet,0,0,0,5,5
Jeronimo-Bunny-Bean-Bag-Grey-(Pre-Order),Jeronimo Bunny Bean Bag - Grey (Pre-Order),Title,Default Title,,,,,C-2001307,,,4aKid & 4aPet,0,0,0,63,63
Jeronimo-Chef-Cooking-Play-Toy-Set-25pc,Jeronimo Chef Cooking Play Toy Set 25pc,Title,Default Title,,,,,C-8002048,,,4aKid & 4aPet,0,0,0,71,71
Jeronimo-Chef-Cooking-Playset-Red-&-Green-(Pre-Order),Jeronimo Chef Cooking Playset - Red & Green (Pre-Order),Title,Default Title,,,,,C-8001205,,,4aKid & 4aPet,0,0,0,1,1
Jeronimo-Doll-Camp-Cot-Pink-Floral,Jeronimo Doll Camp Cot - Pink Floral,Title,Default Title,,,,,C-8000771,,,4aKid & 4aPet,0,0,0,200,200
Jeronimo-Easel-Tabletop-(Pre-Order),Jeronimo Easel Tabletop (Pre-Order),Title,Default Title,,,,,C-1001076,,,4aKid & 4aPet,0,0,0,8,8
Jeronimo-Ellie-Bean-Bag-Chair-(Pre-Order),Jeronimo Ellie Bean Bag Chair (Pre-Order),Title,Default Title,,,,,C-2001306,,,4aKid & 4aPet,0,0,0,113,113
Jeronimo-Flower-Garden-Building-Set-(141pcs),Jeronimo Flower Garden Building Set (141pcs),Title,Default Title,,,,,C-8002049,,,4aKid & 4aPet,0,0,0,147,147
Jeronimo-Kids-Arm-Rest-Owl-(Pre-Order),Jeronimo Kids Arm Rest Owl (Pre-Order),Title,Default Title,,,,,C-1100368,,,4aKid & 4aPet,0,0,0,25,25
Jeronimo-Kids-Digital-ATM-Toy,Jeronimo Kids Digital ATM Toy,Title,Default Title,,,,,C-8002068,,,4aKid & 4aPet,0,0,0,60,60
Jeronimo-Kids-Yoga-Ball-(Pre-Order),Jeronimo Kids Yoga Ball (Pre-Order),Title,Default Title,,,,,C-2001311,,,4aKid & 4aPet,0,0,0,153,153
Jeronimo-Kitchen-Basket-Tea-Playset-Grey,Jeronimo Kitchen Basket Tea Playset - Grey,Title,Default Title,,,,,C-8002078,,,4aKid & 4aPet,0,0,0,192,192
Jeronimo-LED-Teddy-Bear-(Pre-Order),Jeronimo LED Teddy Bear (Pre-Order),Title,Default Title,,,,,C-8001702,,,4aKid & 4aPet,0,0,0,69,69
Jeronimo-Monster-Bean-Bag-(Pre-Order),Jeronimo Monster Bean Bag (Pre-Order),Title,Default Title,,,,,C-8001979,,,4aKid & 4aPet,0,0,0,105,105
Jeronimo-Movie-Time-Play-Case-(Pre-Order),Jeronimo Movie Time Play Case (Pre-Order),Title,Default Title,,,,,C-8001459,,,4aKid & 4aPet,0,0,0,265,265
Jeronimo-Multifunction-Water-Gun-–-Gladiator,Jeronimo Multifunction Water Gun – Gladiator,Title,Default Title,,,,,C-8001105,,,4aKid & 4aPet,0,0,0,474,474
Jeronimo-Multifunction-Water-Gun-–-Spartan,Jeronimo Multifunction Water Gun – Spartan,Title,Default Title,,,,,C-8001104,,,4aKid & 4aPet,0,0,0,269,269
Jeronimo-My-3-in-1-Play-Case-Doctor-(Pre-Order),Jeronimo My 3-in-1 Play Case - Doctor (Pre-Order),Title,Default Title,,,,,C-8000657,,,4aKid & 4aPet,0,0,0,2,2
Jeronimo-Outdoor-Cooking-Set-(Pre-Order),Jeronimo Outdoor Cooking Set (Pre-Order),Title,Default Title,,,,,C-8001752,,,4aKid & 4aPet,0,0,0,53,53
Jeronimo-Sprinkler-Pad-Pink,Jeronimo Sprinkler Pad - Pink,Title,Default Title,,,,,C-8001973,,,4aKid & 4aPet,0,0,0,90,90
Jeronimo-Suitcase-Set-Beauty-(Pre-Order),Jeronimo Suitcase Set - Beauty (Pre-Order),Title,Default Title,,,,,C-8001202,,,4aKid & 4aPet,0,0,0,2,2
Jeronimo-Walkie-Talkie-Game,Jeronimo Walkie Talkie Game,Title,Default Title,,,,,C-8001227,,,4aKid & 4aPet,0,0,0,147,147
Jeronimo-Wooden-Activity-House-(Pre-Order),Jeronimo Wooden Activity House (Pre-Order),Title,Default Title,,,,,C-8000925,,,4aKid & 4aPet,0,0,0,25,25
Jeronimo's-Animal-Park-Building-Block-Schoolbag-60pcs-(Pre-Order),Jeronimo's Animal Park Building Block Schoolbag 60pcs (Pre-Order),Title,Default Title,,,,,C-8001977,,,4aKid & 4aPet,0,0,0,28,28
Jumbo-Play-Case-Pink-Kitchen,Jumbo Play Case - Pink Kitchen,Title,Default Title,,,,,C-8001549,,,4aKid & 4aPet,0,0,0,91,91
Jumbo-Whiteboard-Markers-(12pc),Jumbo Whiteboard Markers (12pc),Title,Default Title,,,,,4-PEN0121214,,,4aKid & 4aPet,0,0,0,5,5
Kid's-Silicone-Pen-Grips-Boy-(Set-of-3),Kid's Silicone Pen Grips - Boy (Set of 3),Title,Default Title,,,,,4-SIL01,,,4aKid & 4aPet,0,0,0,71,71
Kid's-Silicone-Pen-Grips-Girl-(Set-of-3),Kid's Silicone Pen Grips - Girl (Set of 3),Title,Default Title,,,,,4-SIL011,,,4aKid & 4aPet,0,0,0,121,121
Kid's-Silicone-Pen-Grips-Unisex,Kid's Silicone Pen Grips - Unisex,Title,Default Title,,,,,4-SIL0112,,,4aKid & 4aPet,0,0,0,135,135
Kiddies-Adjustable-Shampoo-Cap-for-Babies-&-Children-Yellow,Kiddies Adjustable Shampoo Cap for Babies & Children - Yellow,Title,Default Title,,,,,SHA0042,,,4aKid & 4aPet,0,0,0,7,7
Kiddies-Adjustable-Shampoo-Cap-for-Babies-&-Toddlers-Pink-or-Blue,Kiddies Adjustable Shampoo Cap for Babies & Toddlers - Pink or Blue,Title,Default Title,,,,,SHA004,,,4aKid & 4aPet,0,0,0,50,50
Kids-3-in-1-Scooter-Butterfly,Kids 3-in-1 Scooter - Butterfly,Title,Default Title,,,,,C-8000796,,,4aKid & 4aPet,0,0,0,8,8
Kids-Anti-Lost-Wrist-Link,Kids Anti-Lost Wrist Link,Title,Default Title,,,,,HAR0051,,,4aKid & 4aPet,0,0,0,104,104
Kids-Car-Tray-Table,Kids Car Tray Table,Title,Default Title,,,,,CAR0015,,,4aKid & 4aPet,0,0,0,12,12
Kids-Digital-Camera-Assorted-Colours,Kids Digital Camera - Assorted Colours,Title,Default Title,,,,,4-CAM002,,,4aKid & 4aPet,0,0,0,13,13
Kids-Disposable-Mask-Assorted-Themes,Kids Disposable Mask - Assorted Themes,Title,Default Title,,,,,AL-MASK0021,,,4aKid & 4aPet,0,0,0,26,26
Kids-Fabric-Mask-Assorted-Colours,Kids Fabric Mask - Assorted Colours,Title,Default Title,,,,,B-MASK0022,,,4aKid & 4aPet,0,0,0,5,5
Kids-ID-Wristband-Grey,Kids ID Wristband - Grey,Title,Default Title,,,,,MOM012,,,4aKid & 4aPet,0,0,0,26,26
Kids-Non-Slip-Bath-Mat,Kids Non-Slip Bath Mat,Title,Default Title,,,,,C-2001796,,,4aKid & 4aPet,0,0,0,567,567
Kids-Reusable-Fabric-3-Layer-Non-Medical-Mask-Small-Size,Kids Reusable Fabric 3-Layer Non-Medical Mask - Small Size,Title,Default Title,,,,,4-MASK0011,,,4aKid & 4aPet,0,0,0,13,13
Kitchen-Play-House-Toy-Set,Kitchen Play House Toy Set,Title,Default Title,,,,,C-8002074,,,4aKid & 4aPet,0,0,0,105,105
Large-Baby-Sleeping-Tent-Blue,Large Baby Sleeping Tent - Blue,Title,Default Title,,,,,TENT001,,,4aKid & 4aPet,0,0,0,3,3
Large-Baby-Sleeping-Tent-Pink,Large Baby Sleeping Tent - Pink,Title,Default Title,,,,,TENT0011,,,4aKid & 4aPet,0,0,0,6,6
Large-Felt-Storage-Basket,Large Felt Storage Basket,Title,Default Title,,,,,C-2001538,,,4aKid & 4aPet,0,0,0,150,150
Lavender-Scars-Essence-30ml,Lavender Scars Essence 30ml,Title,Default Title,,,,,4-MAK05171,,,4aKid & 4aPet,0,0,0,2,2
LB-9-Wireless-Earphones-with-Charger,LB-9 Wireless Earphones with Charger,Title,Default Title,,,,,4-EAR021,,,4aKid & 4aPet,0,0,0,5,5
Lightbowl-Toilet-Light,Lightbowl Toilet Light,Title,Default Title,,,,,NIG0041,,,4aKid & 4aPet,0,0,0,1,1
Liquid-Chalk-Marker-Pens-(3pc),Liquid Chalk Marker Pens (3pc),Title,Default Title,,,,,4-PEN012121,,,4aKid & 4aPet,0,0,0,3,3
Magical-Water-Floating-Marker-(12pc),Magical Water Floating Marker (12pc),Title,Default Title,,,,,4-PEN0121212,,,4aKid & 4aPet,0,0,0,24,24
Magical-Water-Floating-Thin-Markers-(12pc),Magical Water Floating Thin Markers (12pc),Title,Default Title,,,,,4-PEN0121213,,,4aKid & 4aPet,0,0,0,47,47
Magnetic-Robot-Toy,Magnetic Robot Toy,Title,Default Title,,,,,4-ROB011,,,4aKid & 4aPet,0,0,0,3,3
Magnetic-Writing-Board-for-Kids,Magnetic Writing Board for Kids,Title,Default Title,,,,,C-8001460,,,4aKid & 4aPet,0,0,0,158,158
Medium-Felt-Storage-Basket,Medium Felt Storage Basket,Title,Default Title,,,,,C-2001540,,,4aKid & 4aPet,0,0,0,157,157
Mega-Toy-Backpack--Supermarket,Mega Toy Backpack -Supermarket,Title,Default Title,,,,,C-8001555,,,4aKid & 4aPet,0,0,0,96,96
Melissa-&-Doug-100-pc-Wood-Blocks-Set-(Pre-Order),Melissa & Doug - 100 pc Wood Blocks Set (Pre-Order),Title,Default Title,,,,,M-481,,,4aKid & 4aPet,0,0,0,1,1
Melissa-&-Doug-Abacus-Classic-Wooden-Toy-(Pre-Order),Melissa & Doug - Abacus Classic Wooden Toy (Pre-Order),Title,Default Title,,,,,M-493,,,4aKid & 4aPet,0,0,0,1,1
Melissa-&-Doug-ABC-123-Abacus-(Pre-Order),Melissa & Doug - ABC-123 Abacus (Pre-Order),Title,Default Title,,,,,M-9273,,,4aKid & 4aPet,0,0,0,1,1
Melissa-&-Doug-Basic-Skills-Board-(Pre-Order),Melissa & Doug - Basic Skills Board (Pre-Order),Title,Default Title,,,,,M-3784,,,4aKid & 4aPet,0,0,0,1,1
Melissa-&-Doug-Child-Safe-Scissor-Set-2pc-(Pre-Order),Melissa & Doug - Child-Safe Scissor Set 2pc (Pre-Order),Title,Default Title,,,,,M-4224,,,4aKid & 4aPet,0,0,0,6,6
Melissa-&-Doug-Counting-Vehicle-Parking-Garage-(Pre-Order),Melissa & Doug - Counting Vehicle Parking Garage (Pre-Order),Title,Default Title,,,,,M-5182,,,4aKid & 4aPet,0,0,0,1,1
Melissa-&-Doug-Geometric-Stacker-(Pre-Order),Melissa & Doug - Geometric Stacker (Pre-Order),Title,Default Title,,,,,M-567,,,4aKid & 4aPet,0,0,0,1,1
Melissa-&-Doug-Good-Night-Baby-Book-(Pre-Order),Melissa & Doug - Good Night Baby Book (Pre-Order),Title,Default Title,,,,,M-31261,,,4aKid & 4aPet,0,0,0,1,1
Melissa-&-Doug-Hugs-Baby-Book-(Pre-Order),Melissa & Doug - Hugs Baby Book (Pre-Order),Title,Default Title,,,,,M-31262,,,4aKid & 4aPet,0,0,0,1,1
Melissa-&-Doug-Lock-Board-(Pre-Order),Melissa & Doug - Lock Board (Pre-Order),Title,Default Title,,,,,M-9540,,,4aKid & 4aPet,0,0,0,1,1
Melissa-&-Doug-My-First-Wooden-Stamp-Set-Vehicles-(Pre-Order),Melissa & Doug - My First Wooden Stamp Set Vehicles (Pre-Order),Title,Default Title,,,,,M-2391,,,4aKid & 4aPet,0,0,0,1,1
Melissa-&-Doug-Princess-Crayon-Set-(Pre-Order),Melissa & Doug - Princess Crayon Set (Pre-Order),Title,Default Title,,,,,M-4155,,,4aKid & 4aPet,0,0,0,1,1
Melissa-&-Doug-Roll-&-Ring-Ramp-Tower-(Pre-Order),Melissa & Doug - Roll & Ring Ramp Tower (Pre-Order),Title,Default Title,,,,,M-30130,,,4aKid & 4aPet,0,0,0,1,1
Melissa-&-Doug-Sea-Life-Scissor-Skills-(Pre-Order),Melissa & Doug - Sea Life Scissor Skills (Pre-Order),Title,Default Title,,,,,M-32007,,,4aKid & 4aPet,0,0,0,1,1
Melissa-&-Doug-See-&-Spell-(Pre-Order),Melissa & Doug - See & Spell (Pre-Order),Title,Default Title,,,,,M-2940,,,4aKid & 4aPet,0,0,0,1,1
Melissa-&-Doug-Take-Along-Kingdom-(Pre-Order),Melissa & Doug - Take-Along Kingdom (Pre-Order),Title,Default Title,,,,,M-32842,,,4aKid & 4aPet,0,0,0,1,1
Melissa-&-Doug-Tricks-&-Training-Puppy-School-Play-Set-(Pre-Order),Melissa & Doug - Tricks & Training Puppy School Play Set (Pre-Order),Title,Default Title,,,,,M-8540,,,4aKid & 4aPet,0,0,0,1,1
Melissa-&-Doug-Water-Wow!-Adventure-(Pre-Order),Melissa & Doug - Water Wow! Adventure (Pre-Order),Title,Default Title,,,,,M-9317,,,4aKid & 4aPet,0,0,0,1,1
Melissa-&-Doug-Water-Wow!-Animal-(Pre-Order),Melissa & Doug - Water Wow! Animal (Pre-Order),Title,Default Title,,,,,M-5376,,,4aKid & 4aPet,0,0,0,1,1
Melissa-&-Doug-Water-Wow!-Around-Town-Deluxe-(Pre-Order),Melissa & Doug - Water Wow! Around Town Deluxe (Pre-Order),Title,Default Title,,,,,M-9457,,,4aKid & 4aPet,0,0,0,1,1
Melissa-&-Doug-Water-Wow!-Colours-&-Shapes-(Pre-Order),Melissa & Doug - Water Wow! Colours & Shapes (Pre-Order),Title,Default Title,,,,,M-9444,,,4aKid & 4aPet,0,0,0,2,2
Melissa-&-Doug-Water-Wow!-Fairy-Tale-(Pre-Order),Melissa & Doug - Water Wow! Fairy Tale (Pre-Order),Title,Default Title,,,,,M-9415,,,4aKid & 4aPet,0,0,0,1,1
Melissa-&-Doug-Water-Wow!-Jungle-(Pre-Order),Melissa & Doug - Water Wow! Jungle (Pre-Order),Title,Default Title,,,,,M-30176,,,4aKid & 4aPet,0,0,0,2,2
Melissa-&-Doug-Water-Wow!-Make-Up-&-Manicures-On-the-Go-(Pre-Order),Melissa & Doug - Water Wow! Make Up & Manicures On the Go (Pre-Order),Title,Default Title,,,,,M-9416,,,4aKid & 4aPet,0,0,0,1,1
Melissa-&-Doug-Water-Wow!-Numbers-(Pre-Order),Melissa & Doug - Water Wow! Numbers (Pre-Order),Title,Default Title,,,,,M-5399,,,4aKid & 4aPet,0,0,0,2,2
Melissa-&-Doug-Water-Wow!-Safari-(Pre-Order),Melissa & Doug - Water Wow! Safari (Pre-Order),Title,Default Title,,,,,M-9441,,,4aKid & 4aPet,0,0,0,1,1
Melissa-&-Doug-Water-Wow!-Sports-(Pre-Order),Melissa & Doug - Water Wow! Sports (Pre-Order),Title,Default Title,,,,,M-30175,,,4aKid & 4aPet,0,0,0,1,1
Melissa-&-Doug-Water-Wow!-Under-The-Sea-(Pre-Order),Melissa & Doug - Water Wow! Under The Sea (Pre-Order),Title,Default Title,,,,,M-9445,,,4aKid & 4aPet,0,0,0,1,1
Melissa-&-Doug-Water-Wow!-Underwater-Pathways-(Pre-Order),Melissa & Doug - Water Wow! Underwater Pathways (Pre-Order),Title,Default Title,,,,,M-30179,,,4aKid & 4aPet,0,0,0,4,4
Melissa-&-Doug-Wooden-Latches-Board-(Pre-Order),Melissa & Doug - Wooden Latches Board (Pre-Order),Title,Default Title,,,,,M-3785,,,4aKid & 4aPet,0,0,0,1,1
Melissa-&-Doug-Book-Tower-Little-Nursery-Rhymes-(Pre-Order),Melissa & Doug Book Tower - Little Nursery Rhymes (Pre-Order),Title,Default Title,,,,,M-31241,,,4aKid & 4aPet,0,0,0,1,1
Melissa-&-Doug-Cardboard-Structure-Doghouse-(Pre-Order),Melissa & Doug Cardboard Structure - Doghouse (Pre-Order),Title,Default Title,,,,,M-5514,,,4aKid & 4aPet,0,0,0,1,1
Melissa-&-Doug-Color-A-Mat-Addition-(Pre-Order),Melissa & Doug Color-A-Mat - Addition (Pre-Order),Title,Default Title,,,,,M-5031,,,4aKid & 4aPet,0,0,0,16,16
Melissa-&-Doug-Color-A-Mat-Alphabet-(Pre-Order),Melissa & Doug Color-A-Mat - Alphabet (Pre-Order),Title,Default Title,,,,,M-5028,,,4aKid & 4aPet,0,0,0,17,17
Melissa-&-Doug-Color-A-Mat-Animals-(Pre-Order),Melissa & Doug Color-A-Mat - Animals (Pre-Order),Title,Default Title,,,,,M-5047,,,4aKid & 4aPet,0,0,0,24,24
Melissa-&-Doug-Color-A-Mat-Counting-to-100-(Pre-Order),Melissa & Doug Color-A-Mat - Counting to 100 (Pre-Order),Title,Default Title,,,,,M-5037,,,4aKid & 4aPet,0,0,0,8,8
Melissa-&-Doug-Color-A-Mat-Countries-Of-The-World-(Pre-Order),Melissa & Doug Color-A-Mat - Countries Of The World (Pre-Order),Title,Default Title,,,,,M-5042,,,4aKid & 4aPet,0,0,0,14,14
Melissa-&-Doug-Color-A-Mat-Dinosaur-(Pre-Order),Melissa & Doug Color-A-Mat - Dinosaur (Pre-Order),Title,Default Title,,,,,M-5027,,,4aKid & 4aPet,0,0,0,11,11
Melissa-&-Doug-Color-A-Mat-Handwriting-(Pre-Order),Melissa & Doug Color-A-Mat - Handwriting (Pre-Order),Title,Default Title,,,,,M-5035,,,4aKid & 4aPet,0,0,0,5,5
Melissa-&-Doug-Color-A-Mat-Multiplication-(Pre-Order),Melissa & Doug Color-A-Mat - Multiplication (Pre-Order),Title,Default Title,,,,,M-5033,,,4aKid & 4aPet,0,0,0,20,20
Melissa-&-Doug-Color-A-Mat-Numbers-1-10-(Pre-Order),Melissa & Doug Color-A-Mat - Numbers 1-10 (Pre-Order),Title,Default Title,,,,,M-5029,,,4aKid & 4aPet,0,0,0,8,8
Melissa-&-Doug-Color-A-Mat-Phonics-(Pre-Order),Melissa & Doug Color-A-Mat - Phonics (Pre-Order),Title,Default Title,,,,,M-5030,,,4aKid & 4aPet,0,0,0,16,16
Melissa-&-Doug-Color-A-Mat-Planets-(Pre-Order),Melissa & Doug Color-A-Mat - Planets (Pre-Order),Title,Default Title,,,,,M-5039,,,4aKid & 4aPet,0,0,0,15,15
Melissa-&-Doug-Color-A-Mat-Subtraction-(Pre-Order),Melissa & Doug Color-A-Mat - Subtraction (Pre-Order),Title,Default Title,,,,,M-5032,,,4aKid & 4aPet,0,0,0,17,17
Melissa-&-Doug-Color-A-Mat-Telling-Time-(Pre-Order),Melissa & Doug Color-A-Mat - Telling Time (Pre-Order),Title,Default Title,,,,,M-5036,,,4aKid & 4aPet,0,0,0,5,5
Melissa-&-Doug-Color-A-Mat-Vehicle-(Pre-Order),Melissa & Doug Color-A-Mat - Vehicle (Pre-Order),Title,Default Title,,,,,M-5046,,,4aKid & 4aPet,0,0,0,15,15
Melissa-&-Doug-Cube-Puzzle-Farm-(Pre-Order),Melissa & Doug Cube Puzzle - Farm (Pre-Order),Title,Default Title,,,,,M-775,,,4aKid & 4aPet,0,0,0,1,1
Melissa-&-Doug-Decorate-Your-Own-(DYO)-Pirate-Chest-(Pre-Order),Melissa & Doug Decorate Your Own (DYO) Pirate Chest (Pre-Order),Title,Default Title,,,,,M-8851,,,4aKid & 4aPet,0,0,0,1,1
Melissa-&-Doug-Deluxe-Pounding-Bench-(Pre-Order),Melissa & Doug Deluxe Pounding Bench (Pre-Order),Title,Default Title,,,,,M-4490,,,4aKid & 4aPet,0,0,0,1,1
Melissa-&-Doug-Deluxe-Puffy-Sticker-Album-Horse-Scenes-(Pre-Order),Melissa & Doug Deluxe Puffy Sticker Album - Horse Scenes (Pre-Order),Title,Default Title,,,,,M-9410,,,4aKid & 4aPet,0,0,0,1,1
Melissa-&-Doug-Float-Alongs-Baby-Dolphins-(Pre-Order),Melissa & Doug Float Alongs - Baby Dolphins (Pre-Order),Title,Default Title,,,,,M-31201,,,4aKid & 4aPet,0,0,0,2,2
Melissa-&-Doug-Float-Alongs-Three-Little-Duckies-(Pre-Order),Melissa & Doug Float Alongs - Three Little Duckies (Pre-Order),Title,Default Title,,,,,M-31200,,,4aKid & 4aPet,0,0,0,1,1
Melissa-&-Doug-Float-Alongs-Tiny-Tugboats-(Pre-Order),Melissa & Doug Float Alongs - Tiny Tugboats (Pre-Order),Title,Default Title,,,,,M-31203,,,4aKid & 4aPet,0,0,0,1,1
Melissa-&-Doug-Fun-Activity-Pad-Animals-(Pre-Order),Melissa & Doug Fun Activity Pad - Animals (Pre-Order),Title,Default Title,,,,,M-31434,,,4aKid & 4aPet,0,0,0,1,1
Melissa-&-Doug-Fun-Activity-Pad-Enchanted-Kingdom-(Pre-Order),Melissa & Doug Fun Activity Pad - Enchanted Kingdom (Pre-Order),Title,Default Title,,,,,M-31436,,,4aKid & 4aPet,0,0,0,1,1
Melissa-&-Doug-Googly-Eyes-(Pre-Order),Melissa & Doug Googly Eyes - (Pre-Order),Title,Default Title,,,,,M-5169,,,4aKid & 4aPet,0,0,0,3,3
Melissa-&-Doug-Jumbo-Coloring-Pad-Blue-(Pre-Order),Melissa & Doug Jumbo Coloring Pad Blue (Pre-Order),Title,Default Title,,,,,M-4226,,,4aKid & 4aPet,0,0,0,1,1
Melissa-&-Doug-Learning-Mat-Crayons-(Pre-Order),Melissa & Doug Learning Mat Crayons (Pre-Order),Title,Default Title,,,,,M-4279,,,4aKid & 4aPet,0,0,0,15,15
Melissa-&-Doug-Love-Your-Look-Salon-&-Spa-Play-Set-(Pre-Order),Melissa & Doug Love Your Look - Salon & Spa Play Set (Pre-Order),Title,Default Title,,,,,M-31802,,,4aKid & 4aPet,0,0,0,1,1
Melissa-&-Doug-Magnetic-Responsibility-Chart-(Pre-Order),Melissa & Doug Magnetic Responsibility Chart (Pre-Order),Title,Default Title,,,,,M-5059,,,4aKid & 4aPet,0,0,0,1,1
Melissa-&-Doug-Magnetic-Wooden-Alphabet-(Pre-Order),Melissa & Doug Magnetic Wooden Alphabet (Pre-Order),Title,Default Title,,,,,M-448,,,4aKid & 4aPet,0,0,0,1,1
Melissa-&-Doug-Magnetic-Wooden-Numbers-(Pre-Order),Melissa & Doug Magnetic Wooden Numbers (Pre-Order),Title,Default Title,,,,,M-449,,,4aKid & 4aPet,0,0,0,1,1
Melissa-&-Doug-Math-Gears-Division-(Pre-Order),Melissa & Doug Math Gears - Division (Pre-Order),Title,Default Title,,,,,M-31304,,,4aKid & 4aPet,0,0,0,1,1
Melissa-&-Doug-Math-Gears-Subtraction-(Pre-Order),Melissa & Doug Math Gears - Subtraction (Pre-Order),Title,Default Title,,,,,M-31305,,,4aKid & 4aPet,0,0,0,1,1
Melissa-&-Doug-My-First-Wooden-Stamp-Set-Favourites-(Pre-Order),Melissa & Doug My First Wooden Stamp Set - Favourites (Pre-Order),Title,Default Title,,,,,M-31902,,,4aKid & 4aPet,0,0,0,1,1
Melissa-&-Doug-Natural-Play-Wooden-Puzzle-Farm-Friends-(Pre-Order),Melissa & Doug Natural Play Wooden Puzzle - Farm Friends (Pre-Order),Title,Default Title,,,,,M-31363,,,4aKid & 4aPet,0,0,0,1,1
Melissa-&-Doug-Paw-Patrol-Craft-Kit-Vehicles-(Pre-Order),Melissa & Doug Paw Patrol Craft Kit - Vehicles (Pre-Order),Title,Default Title,,,,,M-33266,,,4aKid & 4aPet,0,0,0,1,1
Melissa-&-Doug-Paw-Patrol-Puffy-Sticker-Jungle-(Pre-Order),Melissa & Doug Paw Patrol Puffy Sticker - Jungle (Pre-Order),Title,Default Title,,,,,M-33258,,,4aKid & 4aPet,0,0,0,1,1
Melissa-&-Doug-Paw-Patrol-Restickable-Stickers-Ultimate-Mission-(Pre-Order),Melissa & Doug Paw Patrol Restickable Stickers - Ultimate Mission (Pre-Order),Title,Default Title,,,,,M-33255,,,4aKid & 4aPet,0,0,0,2,2
Melissa-&-Doug-Paw-Patrol-Water-Wow!-Marshall-(Pre-Order),Melissa & Doug Paw Patrol Water Wow! - Marshall (Pre-Order),Title,Default Title,,,,,M-33252,,,4aKid & 4aPet,0,0,0,1,1
Melissa-&-Doug-PAW-Patrol™-Magnetic-Pretend-Play-(Pre-Order),Melissa & Doug PAW Patrol™ Magnetic Pretend Play (Pre-Order),Title,Default Title,,,,,M-33267,,,4aKid & 4aPet,0,0,0,1,1
Melissa-&-Doug-PAW-Patrol™-Poke-A-Dot-Alphabet-Adventure-(Pre-Order),Melissa & Doug PAW Patrol™ Poke-A-Dot - Alphabet Adventure (Pre-Order),Title,Default Title,,,,,M-33263,,,4aKid & 4aPet,0,0,0,2,2
Melissa-&-Doug-PAW-Patrol™-Puffy-Sticker-Adventure-Bay-(Pre-Order),Melissa & Doug PAW Patrol™ Puffy Sticker - Adventure Bay (Pre-Order),Title,Default Title,,,,,M-33256,,,4aKid & 4aPet,0,0,0,1,1
Melissa-&-Doug-PAW-Patrol™-Restickable-Stickers-Adventure-Bay-(Pre-Order),Melissa & Doug PAW Patrol™ Restickable Stickers - Adventure Bay (Pre-Order),Title,Default Title,,,,,M-33254,,,4aKid & 4aPet,0,0,0,1,1
Melissa-&-Doug-PAW-Patrol™-Restickable-Stickers-Classic-Missions-(Pre-Order),Melissa & Doug PAW Patrol™ Restickable Stickers - Classic Missions (Pre-Order),Title,Default Title,,,,,M-33253,,,4aKid & 4aPet,0,0,0,2,2
Melissa-&-Doug-PB&J-(Peanut-Butter-&-Jelly)-Take-Along-Toy-(Pre-Order),Melissa & Doug PB&J (Peanut Butter & Jelly) Take-Along Toy (Pre-Order),Title,Default Title,,,,,M-30742,,,4aKid & 4aPet,0,0,0,1,1
Melissa-&-Doug-Placemats-Activity-Pad-Dinosaurs-(Pre-Order),Melissa & Doug Placemats Activity Pad - Dinosaurs (Pre-Order),Title,Default Title,,,,,M-31435,,,4aKid & 4aPet,0,0,0,1,1
Melissa-&-Doug-Poke-A-Dot-Emergency-Vehicles-(Pre-Order),Melissa & Doug Poke-A-Dot - Emergency Vehicles (Pre-Order),Title,Default Title,,,,,M-31355,,,4aKid & 4aPet,0,0,0,2,2
Melissa-&-Doug-Poke-A-Dot-Farm-Animal-Families-(Pre-Order),Melissa & Doug Poke-A-Dot - Farm Animal Families (Pre-Order),Title,Default Title,,,,,M-31353,,,4aKid & 4aPet,0,0,0,1,1
Melissa-&-Doug-Poke-A-Dot-First-Colours,Melissa & Doug Poke-A-Dot - First Colours,Title,Default Title,,,,,M-31358,,,4aKid & 4aPet,0,0,0,1,1
Melissa-&-Doug-Poke-A-Dot-First-Words-(Pre-Order),Melissa & Doug Poke-A-Dot - First Words (Pre-Order),Title,Default Title,,,,,M-31356,,,4aKid & 4aPet,0,0,0,1,1
Melissa-&-Doug-Press-on-Rhinestones-Frame-(Pre-Order),Melissa & Doug Press-on Rhinestones - Frame (Pre-Order),Title,Default Title,,,,,M-9239,,,4aKid & 4aPet,0,0,0,1,1
Melissa-&-Doug-Primary-Lacing-Beads-(Pre-Order),Melissa & Doug Primary Lacing Beads (Pre-Order),Title,Default Title,,,,,M-544,,,4aKid & 4aPet,0,0,0,1,1
Melissa-&-Doug-Reusable-Sticker-Pad-Bible-Stories-(Pre-Order),Melissa & Doug Reusable Sticker Pad - Bible Stories (Pre-Order),Title,Default Title,,,,,M-9124,,,4aKid & 4aPet,0,0,0,2,2
Melissa-&-Doug-Scoop-&-Serve-Ice-Cream-Counter-(Pre-Order),Melissa & Doug Scoop & Serve Ice Cream Counter (Pre-Order),Title,Default Title,,,,,M-9286,,,4aKid & 4aPet,0,0,0,1,1
Melissa-&-Doug-Seek-&-Find-Sticker-Pad-Around-Town-(Pre-Order),Melissa & Doug Seek & Find Sticker Pad - Around Town (Pre-Order),Title,Default Title,,,,,M-30150,,,4aKid & 4aPet,0,0,0,2,2
Melissa-&-Doug-Self-Correcting-Number-Puzzles-(Pre-Order),Melissa & Doug Self-Correcting Number Puzzles (Pre-Order),Title,Default Title,,,,,M-2542,,,4aKid & 4aPet,0,0,0,1,1
Melissa-&-Doug-Shake-It!-Beginner-Craft-Kit-Safari-(Pre-Order),Melissa & Doug Shake It! Beginner Craft Kit - Safari (Pre-Order),Title,Default Title,,,,,M-30182,,,4aKid & 4aPet,0,0,0,2,2
Melissa-&-Doug-Sound-Puzzle-Alphabet-(Pre-Order),Melissa & Doug Sound Puzzle - Alphabet (Pre-Order),Title,Default Title,,,,,M-340,,,4aKid & 4aPet,0,0,0,2,2
Melissa-&-Doug-Sound-Puzzle-Nursery-Rhymes-2-(Pre-Order),Melissa & Doug Sound Puzzle - Nursery Rhymes 2 (Pre-Order),Title,Default Title,,,,,M-737,,,4aKid & 4aPet,0,0,0,1,1
Melissa-&-Doug-Spill-Proof-Paint-Cups-(Pre-Order),Melissa & Doug Spill-Proof Paint Cups (Pre-Order),Title,Default Title,,,,,M-1623,,,4aKid & 4aPet,0,0,0,1,1
Melissa-&-Doug-Surprise-Gift-Box-(Pre-Order),Melissa & Doug Surprise Gift Box (Pre-Order),Title,Default Title,,,,,M-30731,,,4aKid & 4aPet,0,0,0,1,1
Melissa-&-Doug-Wooden-Classic-School-Bus-(Pre-Order),Melissa & Doug Wooden - Classic School Bus (Pre-Order),Title,Default Title,,,,,M-9395,,,4aKid & 4aPet,0,0,0,1,1
Melissa-&-Doug-Wooden-Caterpillar-Xylophone-(Pre-Order),Melissa & Doug Wooden Caterpillar Xylophone (Pre-Order),Title,Default Title,,,,,M-8964,,,4aKid & 4aPet,0,0,0,1,1
Melissa-&-Doug-Wooden-Farm-Train-(Pre-Order),Melissa & Doug Wooden Farm Train (Pre-Order),Title,Default Title,,,,,M-4545,,,4aKid & 4aPet,0,0,0,1,1
Melissa-&-Doug-Wooden-Jigsaw-Dinosaur-24pc-(Pre-Order),Melissa & Doug Wooden Jigsaw - Dinosaur 24pc (Pre-Order),Title,Default Title,,,,,M-9066,,,4aKid & 4aPet,0,0,0,1,1
Men's-Beard-Style-Balm,Men's Beard Style Balm,Title,Default Title,,,,,4-MAK05231,,,4aKid & 4aPet,0,0,0,3,3
Mini-Changeable-Magnetic-Magic-Cube,Mini Changeable Magnetic Magic Cube,Title,Default Title,,,,,4-MAG031,,,4aKid & 4aPet,0,0,0,5,5
Mini-DC-UPS,Mini DC UPS,Title,Default Title,,,,,4-UPS001,,,4aKid & 4aPet,0,0,0,2,2
Mini-Telescope,Mini Telescope,Title,Default Title,,,,,E1000036,,,4aKid & 4aPet,0,0,0,94,94
Mouse-Plate-&-Cutlery-Set-For-Kids-Assorted-Colours,Mouse Plate & Cutlery Set For Kids - Assorted Colours,Title,Default Title,,,,,4-CUT004,,,4aKid & 4aPet,0,0,0,25,25
Multifunctional-Mini-Wireless-LED-Keyboard,Multifunctional Mini Wireless LED Keyboard,Title,Default Title,,,,,4-KEY001,,,4aKid & 4aPet,0,0,0,1,1
My-Brest-Friend-Inflatable-Support-Pillow-Soft-Green,My Brest Friend Inflatable Support Pillow - Soft Green,Title,Default Title,,,,,MB-PIL001,,,4aKid & 4aPet,0,0,0,1,1
My-Brest-Friend-Pregnancy-Wedge,My Brest Friend Pregnancy Wedge,Title,Default Title,,,,,MB-WEDG001,,,4aKid & 4aPet,0,0,0,2,2
My-First-Sewing-Machine-Purple-(Pre-Order),My First Sewing Machine - Purple (Pre-Order),Title,Default Title,,,,,C-8000923,,,4aKid & 4aPet,0,0,0,92,92
My-Growing-Health-MicroGreen-Kit--Japanese-Radish-(Pre-Order),My Growing Health MicroGreen Kit  - Japanese Radish (Pre-Order),Title,Default Title,,,,,FEEL/YGH004,,,4aKid & 4aPet,0,0,0,2,2
My-Growing-Health-MicroGreen-Kit-Beetroot-(Pre-Order),My Growing Health MicroGreen Kit - Beetroot (Pre-Order),Title,Default Title,,,,,FEEL/YGH001,,,4aKid & 4aPet,0,0,0,2,2
My-Growing-Health-MicroGreen-Kit-Broccoli-(Pre-Order),My Growing Health MicroGreen Kit - Broccoli (Pre-Order),Title,Default Title,,,,,FEEL/YGH002,,,4aKid & 4aPet,0,0,0,1,1
My-Growing-Health-MicroGreen-Kit-Chinese-Cabbage-(Pre-Order),My Growing Health MicroGreen Kit - Chinese Cabbage (Pre-Order),Title,Default Title,,,,,FEEL/YGH005,,,4aKid & 4aPet,0,0,0,2,2
My-Growing-Health-MicroGreen-Kit-Watercress-(Pre-Order),My Growing Health MicroGreen Kit - Watercress (Pre-Order),Title,Default Title,,,,,FEEL/YGH003,,,4aKid & 4aPet,0,0,0,2,2
Newborn-Baby-Bonnet-&-Bootie-Set-Yellow,Newborn Baby Bonnet & Bootie Set - Yellow,Title,Default Title,,,,,S-BABY0013,,,4aKid & 4aPet,0,0,0,6,6
Niacinamide-10%-&-Zinc-1%-Face-Serum-30ml,Niacinamide 10% & Zinc 1% Face Serum 30ml,Title,Default Title,,,,,4-MAK05161,,,4aKid & 4aPet,0,0,0,3,3
Nunuki-Soothing-Bum-Cream-Paste-for-Babies-100g,Nunuki - Soothing Bum Cream Paste for Babies 100g,Title,Default Title,,,,,N-BUM001,,,4aKid & 4aPet,0,0,0,11,11
Nunuki®-Calming-Bath-&-Massage-Oil-for-Babies-150ml,Nunuki® - Calming Bath & Massage Oil for Babies 150ml,Title,Default Title,,,,,N-OIL001,,,4aKid & 4aPet,0,0,0,21,21
Nunuki®-Calming-Bath-&-Massage-Oil-for-Babies-50ml,Nunuki® - Calming Bath & Massage Oil for Babies 50ml,Title,Default Title,,,,,N-OIL0011,,,4aKid & 4aPet,0,0,0,18,18
Nunuki®-Gentle-Hydrating-Cream-for-Babies-&-Toddlers-50ml,Nunuki® - Gentle Hydrating Cream for Babies & Toddlers 50ml,Title,Default Title,,,,,N-CREAM0011,,,4aKid & 4aPet,0,0,0,20,20
Nunuki®-Gentle-Hydrating-Cream-for-Babies-150ml,Nunuki® - Gentle Hydrating Cream for Babies 150ml,Title,Default Title,,,,,N-CREAM001,,,4aKid & 4aPet,0,0,0,45,45
Nunuki®-Nurturing-Hair-&-Body-Wash-for-Babies-150ml,Nunuki® - Nurturing Hair & Body Wash for Babies 150ml,Title,Default Title,,,,,N-WASH001,,,4aKid & 4aPet,0,0,0,15,15
Nunuki®-Nurturing-Hair-&-Body-Wash-for-Babies-50ml,Nunuki® - Nurturing Hair & Body Wash for Babies 50ml,Title,Default Title,,,,,N-WASH0011,,,4aKid & 4aPet,0,0,0,16,16
Nunuki®-Pesky-Insect-Repellent-for-Babies-&-Toddlers-150ml,Nunuki® - Pesky Insect Repellent for Babies & Toddlers 150ml,Title,Default Title,,,,,N-REP001,,,4aKid & 4aPet,0,0,0,24,24
Nunuki®-Pesky-Insect-Repellent-for-Babies-&-Toddlers-50ml,Nunuki® - Pesky Insect Repellent for Babies & Toddlers 50ml,Title,Default Title,,,,,N-REP0011,,,4aKid & 4aPet,0,0,0,45,45
Nunuki®-Protecting-SPF-Sunscreen-for-Babies-150ml,Nunuki® - Protecting SPF Sunscreen for Babies 150ml,Title,Default Title,,,,,N-SUN001,,,4aKid & 4aPet,0,0,0,17,17
Nunuki®-Soothing-Baby-Bum-Cream-Paste-40g,Nunuki® - Soothing Baby Bum Cream Paste 40g,Title,Default Title,,,,,N-BUM0011,,,4aKid & 4aPet,0,0,0,13,13
Nuovo-Cow-Shape-Sorter-(Pre-Order),Nuovo Cow Shape Sorter (Pre-Order),Title,Default Title,,,,,C-8001782,,,4aKid & 4aPet,0,0,0,6,6
Nuovo-Deluxe-Pink-Baby-Play-Mat,Nuovo Deluxe Pink Baby Play Mat,Title,Default Title,,,,,C-1300105,,,4aKid & 4aPet,0,0,0,8,8
Nuovo-Kids-Silicone-Placemat-Letters-(Pre-Order),Nuovo Kids Silicone Placemat - Letters (Pre-Order),Title,Default Title,,,,,C-3000582,,,4aKid & 4aPet,0,0,0,29,29
Nuovo-Nomad-Baby-Stroller-(Pre-Order),Nuovo Nomad Baby Stroller (Pre-Order),Title,Default Title,,,,,C-1300214,,,4aKid & 4aPet,0,0,0,26,26
Nuovo-Nursery-Organiser,Nuovo Nursery Organiser,Title,Default Title,,,,,C-1300228,,,4aKid & 4aPet,0,0,0,2,2
Nuovo-Silicone-Teddy-Placemat-(Pre-Order),Nuovo Silicone Teddy Placemat (Pre-Order),Title,Default Title,,,,,C-3000572,,,4aKid & 4aPet,0,0,0,271,271
Octo-Baby-Bottle-Drying-Rack,Octo Baby Bottle Drying Rack,Title,Default Title,,,,,C-1300236,,,4aKid & 4aPet,0,0,0,76,76
Pack-of-10-Adult-Disposable-Mask-Assorted-Designs,Pack of 10 Adult Disposable Mask - Assorted Designs,Title,Default Title,,,,,4-MASK0121,,,4aKid & 4aPet,0,0,0,5,5
Pack-of-3-4aKid-Baby-Knee-Pads-Boys,Pack of 3 4aKid Baby Knee Pads - Boys,Title,Default Title,,,,,KNEE0101,,,4aKid & 4aPet,0,0,0,10,10
Pack-of-3-4aKid-Baby-Knee-Pads-Girls,Pack of 3 4aKid Baby Knee Pads - Girls,Title,Default Title,,,,,KNEE0111,,,4aKid & 4aPet,0,0,0,11,11
Pack-of-3-Alphacell-Pro-Alkaline-Digital-Batteries-Size-C-2pc,Pack of 3 Alphacell Pro Alkaline Digital Batteries - Size C 2pc,Title,Default Title,,,,,BAT014B1,,,4aKid & 4aPet,0,0,0,1,1
Pack-of-4-4aKid-Baby-Knee-Pads-Girls,Pack of 4 4aKid Baby Knee Pads - Girls,Title,Default Title,,,,,KNEE011,,,4aKid & 4aPet,0,0,0,3,3
Pack-of-4-Baby-Knee-Pads-Boys,Pack of 4 Baby Knee Pads - Boys,Title,Default Title,,,,,KNEE010,,,4aKid & 4aPet,0,0,0,8,8
Pagibear-About-Shapes-Toy,Pagibear About Shapes Toy,Title,Default Title,,,,,4-PAG011,,,4aKid & 4aPet,0,0,0,3,3
Pencil-and-Eraser-Set-for-Kids,Pencil and Eraser Set for Kids,Title,Default Title,,,,,4-PEN012144,,,4aKid & 4aPet,0,0,0,20,20
Plastic-Fidget-Popper-Large-Round,Plastic Fidget Popper - Large Round,Title,Default Title,,,,,4-POP00321,,,4aKid & 4aPet,0,0,0,4,4
Play-'n-Snack-Toddler-Travel-Tray-for-the-Car-Navy-(Pre-order),Play 'n Snack Toddler Travel Tray for the Car - Navy (Pre-order),Title,Default Title,,,,,C-1002771,,,4aKid & 4aPet,0,0,0,10,10
Plush-Insulated-Kids-Lunch-Bag,Plush Insulated Kids Lunch Bag,Title,Default Title,,,,,4-LUNCH011,,,4aKid & 4aPet,0,0,0,11,11
Plush-Peek-a-Boo-Elephant-Blue,Plush Peek-a-Boo Elephant - Blue,Title,Default Title,,,,,4-ELEP0011,,,4aKid & 4aPet,0,0,0,3,3
Plush-Peek-a-Boo-Elephant-Pink,Plush Peek-a-Boo Elephant - Pink,Title,Default Title,,,,,4-ELEP001,,,4aKid & 4aPet,0,0,0,2,2
Pocket-Air-Cooler-Fan,Pocket Air Cooler Fan,Title,Default Title,,,,,4-FAN011,,,4aKid & 4aPet,0,0,0,2,2
Pom-Pom-Beanie-&-Scarf-Set-Assorted-Colours,Pom Pom Beanie & Scarf Set - Assorted Colours,Title,Default Title,,,,,4-BEANIE00241,,,4aKid & 4aPet,0,0,0,9,9
Pop-It-Cutter-Set-Small-Doggy-Paws,Pop It Cutter Set - Small Doggy Paws,Title,Default Title,,,,,CUT00221,,,4aKid & 4aPet,0,0,0,3,3
Portable-Baby-Foldable-High-Chair,Portable Baby Foldable High Chair,Title,Default Title,,,,,4-CHAIR022,,,4aKid & 4aPet,0,0,0,4,4
Portable-Car-Vacuum-White,Portable Car Vacuum - White,Title,Default Title,,,,,C-2000434,,,4aKid & 4aPet,0,0,0,2039,2039
Portable-Foldable-Baby-Bed-Backpack-Bag-Assorted-Colours,Portable Foldable Baby Bed Backpack Bag - Assorted Colours,Title,Default Title,,,,,BAG00451,,,4aKid & 4aPet,0,0,0,14,14
Portable-Mini-Fruit-Blender-Bottle,Portable Mini Fruit Blender Bottle,Title,Default Title,,,,,4-BOT0712,,,4aKid & 4aPet,0,0,0,2,2
Portable-Mini-Printer,Portable Mini Printer,Title,Default Title,,,,,4-PRINT011,,,4aKid & 4aPet,0,0,0,5,5
Princess-Castle-Building-Block-Schoolbag-290pc,Princess Castle Building Block Schoolbag 290pc,Title,Default Title,,,,,C-8001978,,,4aKid & 4aPet,0,0,0,92,92
Pure-Indigenous-Fertility-Potion-Massage-Oil,Pure Indigenous - Fertility Potion Massage Oil,Title,Default Title,,,,,FEEL/PIND036,,,4aKid & 4aPet,0,0,0,1,1
Rainbow-Collapsible-Water-Bottle,Rainbow Collapsible Water Bottle,Title,Default Title,,,,,4-BOT0721,,,4aKid & 4aPet,0,0,0,9,9
Rainbow-Cot-Mobile,Rainbow Cot Mobile,Title,Default Title,,,,,4-COT011,,,4aKid & 4aPet,0,0,0,13,13
Rainbow-Crochet-&-Wooden-Baby-Pacifier-Clip-Assorted-Colours,Rainbow Crochet & Wooden Baby Pacifier Clip - Assorted Colours,Title,Default Title,,,,,4-PAC0021,,,4aKid & 4aPet,0,0,0,8,8
Rainbow-Crochet-&-Wooden-Baby-Teething-Ring-Green-or-Pink,Rainbow Crochet & Wooden Baby Teething Ring - Green or Pink,Title,Default Title,,,,,4-TEE0021,,,4aKid & 4aPet,0,0,0,16,16
Rainbow-Step-Stool-for-Toddlers,Rainbow Step Stool for Toddlers,Title,Default Title,,,,,C-1300243,,,4aKid & 4aPet,0,0,0,60,60
Rectangular-Crystal-Velvet-Carpet-for-Kids,Rectangular Crystal Velvet Carpet for Kids,Title,Default Title,,,,,C-2001826,,,4aKid & 4aPet,0,0,0,328,328
Removable-and-Reusable-Sticker-Scene,Removable and Reusable Sticker Scene,Title,Default Title,,,,,4-STI00314,,,4aKid & 4aPet,0,0,0,9,9
Rice-Facial-Skin-Care-Series-5pc-Set,Rice Facial Skin Care Series 5pc Set,Title,Default Title,,,,,4-MAK061,,,4aKid & 4aPet,0,0,0,1,1
Rocket-Space-Sprinkler-Yellow,Rocket Space Sprinkler - Yellow,Title,Default Title,,,,,C-8002161,,,4aKid & 4aPet,0,0,0,55,55
Rose-Unicorn-Bouquet-Assorted-Colours,Rose Unicorn Bouquet - Assorted Colours,Title,Default Title,,,,,4-UNI0011,,,4aKid & 4aPet,0,0,0,4,4
Round-Crystal-Velvet-Carpet-for-Kids,Round Crystal Velvet Carpet for Kids,Title,Default Title,,,,,C-2001822,,,4aKid & 4aPet,0,0,0,152,152
Round-Silicone-Moulds,Round Silicone Moulds,Title,Default Title,,,,,SIL00911,,,4aKid & 4aPet,0,0,0,8,8
Rubber-Band-Art,Rubber Band Art,Title,Default Title,,,,,4-RUB0110,,,4aKid & 4aPet,0,0,0,5,5
Ruffled-Baby-Bib,Ruffled Baby Bib,Title,Default Title,,,,,BIB011,,,4aKid & 4aPet,0,0,0,31,31
Scratch-&-Sparkle-Spiro-Art,Scratch & Sparkle Spiro Art,Title,Default Title,,,,,4-ART011,,,4aKid & 4aPet,0,0,0,1,1
Shnuggle-Air-Bedside-Crib,Shnuggle Air Bedside Crib,Title,Default Title,,,,,MC-SHNUGGLE23,,,4aKid & 4aPet,0,0,0,6,6
Shnuggle-Air-Cot-Conversion-Kit,Shnuggle Air Cot Conversion Kit,Title,Default Title,,,,,MC-SHNUGGLE25,,,4aKid & 4aPet,0,0,0,6,6
Shnuggle-Air-Cot-Fitted-Sheet-Set-(2pc),Shnuggle Air Cot Fitted Sheet Set (2pc),Title,Default Title,,,,,MC-SHNUGGLE31,,,4aKid & 4aPet,0,0,0,3,3
Shnuggle-Air-Cot-Folding-Mattress,Shnuggle Air Cot Folding Mattress,Title,Default Title,,,,,MC-SHNUGGLE27,,,4aKid & 4aPet,0,0,0,3,3
Shnuggle-Air-Cot-Waterproof-Sheet,Shnuggle Air Cot Waterproof Sheet,Title,Default Title,,,,,MC-SHNUGGLE30,,,4aKid & 4aPet,0,0,0,3,3
Shnuggle-Air-Crib-Bedding-Set-(3pc),Shnuggle Air Crib Bedding Set (3pc),Title,Default Title,,,,,MC-SHNUGGLE29,,,4aKid & 4aPet,0,0,0,3,3
Shnuggle-Baby-Bath,Shnuggle Baby Bath,Title,Default Title,,,,,MC-SHNUGGLE1,,,4aKid & 4aPet,0,0,0,10,10
Shnuggle-Bamboo-Wash-Cloths-for-Babies,Shnuggle Bamboo Wash Cloths for Babies,Title,Default Title,,,,,MC-SHNUGGLE10,,,4aKid & 4aPet,0,0,0,12,12
Shnuggle-Bath-Stand-(Only),Shnuggle Bath Stand (Only),Title,Default Title,,,,,MC-SHNUGGLE5,,,4aKid & 4aPet,0,0,0,3,3
Shnuggle-Bedside-Air-Crib-Waterproof-Sheet,Shnuggle Bedside Air Crib Waterproof Sheet,Title,Default Title,,,,,MC-SHNUGGLE28,,,4aKid & 4aPet,0,0,0,3,3
Shnuggle-Better-Bag-Nappy-Bin-Liners,Shnuggle Better Bag Nappy Bin Liners,Title,Default Title,,,,,MC-SHNUGGLE22,,,4aKid & 4aPet,0,0,0,3,3
Shnuggle-Dreami-Moses-Basket-and-Stand,Shnuggle Dreami Moses Basket and Stand,Title,Default Title,,,,,MC-SHNUGGLE251,,,4aKid & 4aPet,0,0,0,6,6
Shnuggle-Eco-Touch-Nappy-Bin,Shnuggle Eco-Touch Nappy Bin,Title,Default Title,,,,,MC-SHNUGGLE21,,,4aKid & 4aPet,0,0,0,3,3
Shnuggle-Luxury-Chevron-Blanket,Shnuggle Luxury Chevron Blanket,Title,Default Title,,,,,MC-SHNUGGLE32,,,4aKid & 4aPet,0,0,0,3,3
Shnuggle-Luxury-Cloud-Blanket,Shnuggle Luxury Cloud Blanket,Title,Default Title,,,,,MC-SHNUGGLE33,,,4aKid & 4aPet,0,0,0,3,3
Shnuggle-Pebbly-Bath-Thermometer,Shnuggle Pebbly Bath Thermometer,Title,Default Title,,,,,MC-SHNUGGLE18,,,4aKid & 4aPet,0,0,0,3,3
Shnuggle-Squishy-Changing-Pad,Shnuggle Squishy Changing Pad,Title,Default Title,,,,,MC-SHNUGGLE20,,,4aKid & 4aPet,0,0,0,3,3
Shnuggle-Toddler-Bath-(White/Grey),Shnuggle Toddler Bath (White/Grey),Title,Default Title,,,,,MC-SHNUGGLE4,,,4aKid & 4aPet,0,0,0,3,3
Shnuggle-Washy-Bath-Jug,Shnuggle Washy Bath Jug,Title,Default Title,,,,,MC-SHNUGGLE19,,,4aKid & 4aPet,0,0,0,3,3
Shnuggle-Wearable-Hooded-Towel,Shnuggle Wearable Hooded Towel,Title,Default Title,,,,,MC-SHNUGGLE6,,,4aKid & 4aPet,0,0,0,12,12
Shnuggle-Wishy-Bath-Toy,Shnuggle Wishy Bath Toy,Title,Default Title,,,,,MC-SHNUGGLE17,,,4aKid & 4aPet,0,0,0,3,3
Silicone-4-Ball-Mould,Silicone 4 Ball Mould,Title,Default Title,,,,,SIL00941,,,4aKid & 4aPet,0,0,0,3,3
Silicone-Air-Fryer-Pad-Liner-20cm,Silicone Air Fryer Pad Liner 20cm,Title,Default Title,,,,,SIL010116,,,4aKid & 4aPet,0,0,0,8,8
Silicone-Baby-Bib-with-Crumb-Catcher-Assorted-Colours,Silicone Baby Bib with Crumb Catcher - Assorted Colours,Title,Default Title,,,,,BIB0061,,,4aKid & 4aPet,0,0,0,1,1
Silicone-Baby-Feeding-Set-4PC-Assorted-Colours,Silicone Baby Feeding Set 4PC - Assorted Colours,Title,Default Title,,,,,4-CUT00611,,,4aKid & 4aPet,0,0,0,10,10
Silicone-Baby-Nursing-Bottle-with-Spoon-Assorted-Colours,Silicone Baby Nursing Bottle with Spoon - Assorted Colours,Title,Default Title,,,,,4-SIL002,,,4aKid & 4aPet,0,0,0,35,35
Silicone-Bunny&-Kitty-&-Bear-Ice-Cream-Mould,Silicone Bunny& Kitty & Bear Ice-Cream Mould,Title,Default Title,,,,,SIL00915,,,4aKid & 4aPet,0,0,0,3,3
Silicone-Foldable-&-Portable-Washboard,Silicone Foldable & Portable Washboard,Title,Default Title,,,,,4-KIT012,,,4aKid & 4aPet,0,0,0,2,2
Silicone-Pineapple-Ice-Cream-Popsicle-Mould,Silicone Pineapple Ice Cream Popsicle Mould,Title,Default Title,,,,,SIL0162,,,4aKid & 4aPet,0,0,0,9,9
Silicone-Sandwich-Storage-Box,Silicone Sandwich Storage Box,Title,Default Title,,,,,SIL009311,,,4aKid & 4aPet,0,0,0,6,6
Silicone-Small-Dog-Bone-Mould,Silicone Small Dog Bone Mould,Title,Default Title,,,,,SIL0101131,,,4aKid & 4aPet,0,0,0,3,3
Silicone-Stacking-Ring-for-Babies,Silicone Stacking Ring for Babies,Title,Default Title,,,,,C-1300249,,,4aKid & 4aPet,0,0,0,21,21
Skin-Tints-Pastel-Pencils-12pc,Skin Tints Pastel Pencils - 12pc,Title,Default Title,,,,,4-PEN012133,,,4aKid & 4aPet,0,0,0,3,3
Small-3D-Wall-or-Floor-Stickers-Earth,Small 3D Wall or Floor Stickers - Earth,Title,Default Title,,,,,4-STI01721,,,4aKid & 4aPet,0,0,0,9,9
Small-3D-Wall-or-Floor-Stickers-Galaxy,Small 3D Wall or Floor Stickers - Galaxy,Title,Default Title,,,,,4-STI01722,,,4aKid & 4aPet,0,0,0,8,8
Small-3D-Wall-or-Floor-Stickers-Mars,Small 3D Wall or Floor Stickers - Mars,Title,Default Title,,,,,4-STI01723,,,4aKid & 4aPet,0,0,0,21,21
Small-3D-Wall-or-Floor-Stickers-Red-Planet,Small 3D Wall or Floor Stickers - Red Planet,Title,Default Title,,,,,4-STI01724,,,4aKid & 4aPet,0,0,0,25,25
Small-Baby-Sleeping-Tent-Pink,Small Baby Sleeping Tent - Pink,Title,Default Title,,,,,TENT0021,,,4aKid & 4aPet,0,0,0,2,2
Small-Felt-Storage-Basket,Small Felt Storage Basket,Title,Default Title,,,,,C-2001542,,,4aKid & 4aPet,0,0,0,154,154
Small-Foldable-Storage-Clip-Boxes,Small Foldable Storage Clip Boxes,Title,Default Title,,,,,C-2000820,,,4aKid & 4aPet,0,0,0,45,45
Small-Plastic-Fidget-Poppers-Assorted-Rainbow-Shapes,Small Plastic Fidget Poppers - Assorted Rainbow Shapes,Title,Default Title,,,,,4-POP00411,,,4aKid & 4aPet,0,0,0,15,15
Small-Silicone-Lollipop-Moulds,Small Silicone Lollipop Moulds,Title,Default Title,,,,,SIL00918,,,4aKid & 4aPet,0,0,0,12,12
Small-Silicone-Moulds,Small Silicone Moulds,Title,Default Title,,,,,SIL009175,,,4aKid & 4aPet,0,0,0,30,30
Smitten-Flower-Baby-Socks-with-Headband-Set-Assorted-Colours,Smitten Flower Baby Socks with Headband Set - Assorted Colours,Title,Default Title,,,,,4-SOCK0111,,,4aKid & 4aPet,0,0,0,76,76
Smitten-Headband-Red-Large-Daisy,Smitten Headband - Red Large Daisy,Title,Default Title,,,,,HEADBAND13,,,4aKid & 4aPet,0,0,0,2,2
Smitten-Lace-Baby-Romper-Strawberry-Pink,Smitten Lace Baby Romper - Strawberry Pink,Title,Default Title,,,,,ROMSP0,,,4aKid & 4aPet,0,0,0,4,4
Snack-&-Stack-Building-Blocks-Cutlery-Set,Snack & Stack Building Blocks Cutlery Set,Title,Default Title,,,,,4-BUILD0119,,,4aKid & 4aPet,0,0,0,3,3
Snail-Collagen-&-Vitamin-E-Face-Serum-30ml,Snail Collagen & Vitamin E Face Serum 30ml,Title,Default Title,,,,,4-MAK05173,,,4aKid & 4aPet,0,0,0,2,2
SoPure-No-Sweat-Sports-Wear-Wash-1L,SoPure - No Sweat Sports Wear Wash 1L,Title,Default Title,,,,,SOP00615,,,4aKid & 4aPet,0,0,0,8,8
SoPure-Anti-Bac-Baby-Laundry-Wash-1-Litre,SoPure Anti-Bac Baby Laundry Wash 1 Litre,Title,Default Title,,,,,SOP00616,,,4aKid & 4aPet,0,0,0,6,6
SoPure™-Baby-Range-Easy-Rinse-Bottle-&-Teat-Wash-500ml,SoPure™ Baby Range - Easy Rinse Bottle & Teat Wash 500ml,Title,Default Title,,,,,SOP0011,,,4aKid & 4aPet,0,0,0,9,9
SoPure™-Baby-Range-Easy-Rinse-Bottle-&-Teat-Wash-5L,SoPure™ Baby Range - Easy Rinse Bottle & Teat Wash 5L,Title,Default Title,,,,,SOP0011L,,,4aKid & 4aPet,0,0,0,1,1
SoPure™-Baby-Range-Gentle-Baby-Laundry-Liquid-1L,SoPure™ Baby Range - Gentle Baby Laundry Liquid 1L,Title,Default Title,,,,,SOP00611,,,4aKid & 4aPet,0,0,0,16,16
SoPure™-Baby-Range-Gentle-Baby-Laundry-Liquid-5L,SoPure™ Baby Range - Gentle Baby Laundry Liquid 5L,Title,Default Title,,,,,SOP00611L,,,4aKid & 4aPet,0,0,0,2,2
SoPure™-Baby-Range-Spray-&-Use-Dummy-Sterilizer-Spray-100ml,SoPure™ Baby Range - Spray & Use Dummy Sterilizer Spray 100ml,Title,Default Title,,,,,SOP0045,,,4aKid & 4aPet,0,0,0,12,12
SoPure™-Baby-Range-Toy-&-Nursery-Steri-Mist-500ml,SoPure™ Baby Range - Toy & Nursery Steri-Mist 500ml,Title,Default Title,,,,,SOP0044,,,4aKid & 4aPet,0,0,0,7,7
SoPure™-Household-Range-Any-Surface-Disinfecting-Cleanser-500ml,SoPure™ Household Range - Any Surface Disinfecting Cleanser 500ml,Title,Default Title,,,,,SOP00221,,,4aKid & 4aPet,0,0,0,3,3
SoPure™-Household-Range-Any-Surface-Disinfecting-Cleanser-5L,SoPure™ Household Range - Any Surface Disinfecting Cleanser 5L,Title,Default Title,,,,,SOP00221L,,,4aKid & 4aPet,0,0,0,5,5
SoPure™-Household-Range-Every-Surface-Cream-Cleaner-500ml,SoPure™ Household Range - Every Surface Cream Cleaner 500ml,Title,Default Title,,,,,SOP024,,,4aKid & 4aPet,0,0,0,10,10
SoPure™-Household-Range-Every-Surface-Sterilizer-for-Everyday-Use-1L,SoPure™ Household Range - Every Surface Sterilizer for Everyday Use 1L,Title,Default Title,,,,,SOP00431,,,4aKid & 4aPet,0,0,0,3,3
SoPure™-Household-Range-Every-Surface-Sterilizer-for-Everyday-Use-500ml,SoPure™ Household Range - Every Surface Sterilizer for Everyday Use 500ml,Title,Default Title,,,,,SOP004311,,,4aKid & 4aPet,0,0,0,1,1
SoPure™-Household-Range-Glass-&-Window-Cleaner-500ml,SoPure™ Household Range - Glass & Window Cleaner 500ml,Title,Default Title,,,,,SOP0084,,,4aKid & 4aPet,0,0,0,4,4
SoPure™-Household-Range-Mint-Fresh-Bathroom-Cleaner-500ml,SoPure™ Household Range - Mint Fresh Bathroom Cleaner 500ml,Title,Default Title,,,,,SOP0082,,,4aKid & 4aPet,0,0,0,17,17
SoPure™-Household-Range-Orange-Blossom-Floor-Cleaner-1L,SoPure™ Household Range - Orange Blossom Floor Cleaner 1L,Title,Default Title,,,,,SOP008,,,4aKid & 4aPet,0,0,0,2,2
SoPure™-Household-Range-Squeeze-&-Leave-Toilet-Cleaner-500ml,SoPure™ Household Range - Squeeze & Leave Toilet Cleaner 500ml,Title,Default Title,,,,,SOP0083,,,4aKid & 4aPet,0,0,0,6,6
SoPure™-Kitchen-Range-Bitter-Orange-Anti-bac-Kitchen-Cleaner-500ml,SoPure™ Kitchen Range - Bitter Orange Anti-bac Kitchen Cleaner 500ml,Title,Default Title,,,,,SOP0221,,,4aKid & 4aPet,0,0,0,4,4
SoPure™-Kitchen-Range-Every-Purpose-Cleaner-&-Degreaser-500ml,SoPure™ Kitchen Range - Every Purpose Cleaner & Degreaser 500ml,Title,Default Title,,,,,SOP0081,,,4aKid & 4aPet,0,0,0,4,4
SoPure™-Kitchen-Range-Kitchen-Fruit-&-Veg-Sterilizing-Spray-1L,SoPure™ Kitchen Range - Kitchen Fruit & Veg Sterilizing Spray 1L,Title,Default Title,,,,,SOP0211,,,4aKid & 4aPet,0,0,0,5,5
SoPure™-Kitchen-Range-Kitchen-Fruit-&-Veg-Sterilizing-Spray-5L,SoPure™ Kitchen Range - Kitchen Fruit & Veg Sterilizing Spray 5L,Title,Default Title,,,,,SOP02L,,,4aKid & 4aPet,0,0,0,3,3
SoPure™-Kitchen-Range-Oven-&-Airfryer-Fume-free-Cleaner-500ml,SoPure™ Kitchen Range - Oven & Airfryer Fume-free Cleaner 500ml,Title,Default Title,,,,,SOP00831,,,4aKid & 4aPet,0,0,0,2,2
SoPure™-Kitchen-Range-Squirt-&-Sparkle-Liquid-Dish-Soap-1L,SoPure™ Kitchen Range - Squirt & Sparkle Liquid Dish Soap 1L,Title,Default Title,,,,,SOP0231,,,4aKid & 4aPet,0,0,0,1,1
SoPure™-Kitchen-Range-Squirt-&-Sparkle-Liquid-Dish-Soap-5L,SoPure™ Kitchen Range - Squirt & Sparkle Liquid Dish Soap 5L,Title,Default Title,,,,,SOP021L,,,4aKid & 4aPet,0,0,0,1,1
SoPure™-Kitchen-Range-Wash-&-Shine-Automatic-Dishwasher-Gel-500ml,SoPure™ Kitchen Range - Wash & Shine Automatic Dishwasher Gel 500ml,Title,Default Title,,,,,SOP023,,,4aKid & 4aPet,0,0,0,4,4
SoPure™-Laundry-Range-3x-Concentrate-Laundry-Liquid-1L,SoPure™ Laundry Range - 3x Concentrate Laundry Liquid 1L,Title,Default Title,,,,,SOP00612,,,4aKid & 4aPet,0,0,0,25,25
Sopure™-Laundry-Range-3x-Concentrate-Laundry-Liquid-5L,Sopure™ Laundry Range - 3x Concentrate Laundry Liquid 5L,Title,Default Title,,,,,SOP00612L,,,4aKid & 4aPet,0,0,0,3,3
SoPure™-Laundry-Range-Shake-&-Spray-Stain-Remover-500ml,SoPure™ Laundry Range - Shake & Spray Stain Remover 500ml,Title,Default Title,,,,,SOP0047,,,4aKid & 4aPet,0,0,0,8,8
SoPure™-Laundry-Range-Neroli-Fabric-Conditioner-1L,SoPure™ Laundry Range Neroli Fabric Conditioner 1L,Title,Default Title,,,,,SOP00621,,,4aKid & 4aPet,0,0,0,11,11
SoPure™-Lifestyle-Range-Fragrance-Free-Bubble-Bath-1L,SoPure™ Lifestyle Range - Fragrance-Free Bubble Bath 1L,Title,Default Title,,,,,SOP007,,,4aKid & 4aPet,0,0,0,6,6
SoPure™-Lifestyle-Range-Fragrance-Free-Shower-Balm-500ml,SoPure™ Lifestyle Range - Fragrance-Free Shower Balm 500ml,Title,Default Title,,,,,SOP0071,,,4aKid & 4aPet,0,0,0,4,4
SoPure™-Lifestyle-Range-Spray-&-Go-Hand-Sanitizer-For-Everyday-Use-500ml,SoPure™ Lifestyle Range - Spray & Go Hand Sanitizer For Everyday Use 500ml,Title,Default Title,,,,,SOP004211,,,4aKid & 4aPet,0,0,0,1,1
SoPure™-Lifestyle-Range-Vanilla-Essence-Mosquito-Mist-100ml,SoPure™ Lifestyle Range - Vanilla Essence Mosquito Mist 100ml,Title,Default Title,,,,,SOP0031,,,4aKid & 4aPet,0,0,0,6,6
SoPure™-MiteFree-Baby-Range-Baby-Fabric-Spray-500ml,SoPure™ MiteFree Baby Range - Baby Fabric Spray 500ml,Title,Default Title,,,,,MIT004,,,4aKid & 4aPet,0,0,0,2,2
SoPure™-MiteFree-Household-Range-Family-Allergen-Buster-Spray-500ml,SoPure™ MiteFree Household Range - Family Allergen Buster Spray 500ml,Title,Default Title,,,,,MIT001,,,4aKid & 4aPet,0,0,0,29,29
SoPure™-Mitefree-Laundry-Range-Anti-Bacterial-Laundry-Additive-1L,SoPure™ Mitefree Laundry Range - Anti-Bacterial Laundry Additive 1L,Title,Default Title,,,,,MIT002,,,4aKid & 4aPet,0,0,0,10,10
Space-Play-Exploration-3pc-(Pre-Order),Space Play - Exploration 3pc (Pre-Order),Title,Default Title,,,,,C-8001724,,,4aKid & 4aPet,0,0,0,45,45
Space-Rail-Glow-in-the-Dark-Level-2,Space Rail Glow in the Dark Level 2,Title,Default Title,,,,,C-1001578,,,4aKid & 4aPet,0,0,0,236,236
Splash-Swim-Goggles-for-Kids,Splash Swim Goggles for Kids,Title,Default Title,,,,,MC-SPLASH3,,,4aKid & 4aPet,0,0,0,30,30
Spotanella-Boys-Socks-0-6-months,Spotanella Boys Socks 0-6 months,Title,Default Title,,,,,SP-BOYS01,,,4aKid & 4aPet,0,0,0,95,95
Spotanella-Boys-Socks-6-12-Months,Spotanella Boys Socks 6-12 Months,Title,Default Title,,,,,SP-BOYS61,,,4aKid & 4aPet,0,0,0,282,282
Spotanella-Girls-Socks-0-6-Months,Spotanella Girls Socks 0-6 Months,Title,Default Title,,,,,SP-GIRLS01,,,4aKid & 4aPet,0,0,0,263,263
Spotanella-Girls-Socks-6-12-Months,Spotanella Girls Socks 6-12 Months,Title,Default Title,,,,,SP-GIRLS61,,,4aKid & 4aPet,0,0,0,395,395
Step-Up-Stool-for-Toddlers,Step Up Stool for Toddlers,Title,Default Title,,,,,C-1300242,,,4aKid & 4aPet,0,0,0,187,187
Stroller-Hook-for-prams-(F224),Stroller Hook for prams (F224),Title,Default Title,,,,,D-F224,,,4aKid & 4aPet,0,0,0,1,1
Super-Trolley-4-in1-Supermarket,Super Trolley 4-in1 Supermarket,Title,Default Title,,,,,C-8001496,,,4aKid & 4aPet,0,0,0,149,149
Super-Wings-Play-Dough-(4pc),Super Wings Play Dough (4pc),Title,Default Title,,,,,4-DOUGH011,,,4aKid & 4aPet,0,0,0,4,4
Super-Wings-Play-Dough-(8pc),Super Wings Play Dough (8pc),Title,Default Title,,,,,4-DOUGH012,,,4aKid & 4aPet,0,0,0,3,3
Sweet-Treat-House-Toy-Play-Set,Sweet Treat House Toy Play Set,Title,Default Title,,,,,C-8002051,,,4aKid & 4aPet,0,0,0,93,93
Teddy-Pancake-Pan,Teddy Pancake Pan,Title,Default Title,,,,,SIL009234,,,4aKid & 4aPet,0,0,0,1,1
Teenager-&-Adult-Blanket-Hoodies,Teenager & Adult Blanket Hoodies,Title,Default Title,,,,,4-HOODIE011,,,4aKid & 4aPet,0,0,0,10,10
TENS/EMS-Portable-Mini-Massage-Stick,TENS/EMS Portable Mini Massage Stick,Title,Default Title,,,,,4-MASS011,,,4aKid & 4aPet,0,0,0,3,3
Thin-Super-Washable-Pens-(6pc),Thin Super Washable Pens (6pc),Title,Default Title,,,,,4-PEN0121211,,,4aKid & 4aPet,0,0,0,1,1
TikTok-Cosmetic-Headband,TikTok Cosmetic Headband,Title,Default Title,,,,,4-MAK0310,,,4aKid & 4aPet,0,0,0,15,15
TLM-Color-Changing-Foundation,TLM Color Changing Foundation,Title,Default Title,,,,,4-MAK083,,,4aKid & 4aPet,0,0,0,9,9
Toy-Air-Fryer-(9pc),Toy Air Fryer (9pc),Title,Default Title,,,,,C-8002168,,,4aKid & 4aPet,0,0,0,28,28
Toy-Play-Vacuum-Cleaner,Toy Play Vacuum Cleaner,Title,Default Title,,,,,C-8001560,,,4aKid & 4aPet,0,0,0,97,97
Tushbaby-Hip-Seat-Baby-Carrier,Tushbaby Hip Seat Baby Carrier,Title,Default Title,,,,,AFR-TUSH011,,,4aKid & 4aPet,0,0,0,53,53
Tweens-Reusable-Fabric-3-Layer-Non-Medical-Mask-Medium-size,Tweens Reusable Fabric 3-Layer Non-Medical Mask - Medium size,Title,Default Title,,,,,4-MASK0021,,,4aKid & 4aPet,0,0,0,21,21
Ultimate-Blends-Smoothing-Honey-Body-Scrub,Ultimate Blends Smoothing Honey Body Scrub,Title,Default Title,,,,,4-MAK05176,,,4aKid & 4aPet,0,0,0,6,6
Ultra-fine-Storage-Basket,Ultra-fine Storage Basket,Title,Default Title,,,,,C-2001640,,,4aKid & 4aPet,0,0,0,360,360
UnbuckleMe-Car-Seat-Buckle-Release-Tool,UnbuckleMe Car Seat Buckle Release Tool,Title,Default Title,,,,,AFR-UNB011,,,4aKid & 4aPet,0,0,0,53,53
Unicorn-Backpack-Baby-Diaper-Bag,Unicorn Backpack Baby Diaper Bag,Title,Default Title,,,,,BAG001821,,,4aKid & 4aPet,0,0,0,3,3
Universal-Non-Spill-Gyro-Bowl-for-Toddlers,Universal Non-Spill Gyro Bowl for Toddlers,Title,Default Title,,,,,4-CUT011,,,4aKid & 4aPet,0,0,0,5,5
Uno-Card-Game,Uno Card Game,Title,Default Title,,,,,4-GAM0014,,,4aKid & 4aPet,0,0,0,10,10
Uno-Stacko,Uno Stacko,Title,Default Title,,,,,4-GAM0022,,,4aKid & 4aPet,0,0,0,1,1
USB-Hand-Warmer-Pouch,USB Hand Warmer Pouch,Title,Default Title,,,,,C-1500234,,,4aKid & 4aPet,0,0,0,68,68
USB-Maxi-Foot-Warmer,USB Maxi Foot Warmer,Title,Default Title,,,,,C-1500238,,,4aKid & 4aPet,0,0,0,88,88
USB-Mini-Washing-Machine,USB Mini Washing Machine,Title,Default Title,,,,,C-E1000037,,,4aKid & 4aPet,0,0,0,95,95
USB-Portable-Baby-Bottle-Warmer-Assorted-Colours,USB Portable Baby Bottle Warmer - Assorted Colours,Title,Default Title,,,,,4-BOTTLE00112,,,4aKid & 4aPet,0,0,0,19,19
Vitamin-C-Serum-30ml,Vitamin C Serum 30ml,Title,Default Title,,,,,4-MAK0512,,,4aKid & 4aPet,0,0,0,1,1
Walking-&-Singing-Pet-Unicorn-Purple-(Pre-Order),Walking & Singing Pet Unicorn - Purple (Pre-Order),Title,Default Title,,,,,C-8000978,,,4aKid & 4aPet,0,0,0,1,1
Walking-and-Singing-Pet-Unicorn-Sequins-Baby-Pink-(Pre-Order),Walking and Singing Pet Unicorn - Sequins Baby Pink (Pre-Order),Title,Default Title,,,,,C-8001059,,,4aKid & 4aPet,0,0,0,2,2
Water-Colour-In-Headband,Water Colour-In Headband,Title,Default Title,,,,,4-COL011,,,4aKid & 4aPet,0,0,0,4,4
Watercolor-Brush-Pens-(12pc),Watercolor Brush Pens (12pc),Title,Default Title,,,,,4-PEN01222,,,4aKid & 4aPet,0,0,0,7,7
Waterless-100ml-Alcohol-Hand-Sanitiser-(70%),Waterless 100ml Alcohol Hand Sanitiser (70%),Title,Default Title,,,,,C-SAN0011,,,4aKid & 4aPet,0,0,0,12,12
Waterless-250ml-Alcohol-Hand-Sanitiser-(70%),Waterless 250ml Alcohol Hand Sanitiser (70%),Title,Default Title,,,,,C-SAN0012,,,4aKid & 4aPet,0,0,0,33,33
Waterproof-Baby-Bib-with-Crumb-Catcher-Assorted-Designs,Waterproof Baby Bib with Crumb Catcher - Assorted Designs,Title,Default Title,,,,,BIB0051,,,4aKid & 4aPet,0,0,0,83,83
Wet-and-Dry-Bag,Wet and Dry Bag,Title,Default Title,,,,,C-1100520,,,4aKid & 4aPet,0,0,0,295,295
Wheat-Straw-Peppa-Pig-Plate-for-Toddlers,Wheat Straw Peppa Pig Plate for Toddlers,Title,Default Title,,,,,4-CUT061,,,4aKid & 4aPet,0,0,0,16,16
White-Charcoal-Pastel-Pencils-12pc,White Charcoal Pastel Pencils - 12pc,Title,Default Title,,,,,4-PEN0121231,,,4aKid & 4aPet,0,0,0,3,3
Window-Markers-6pc,Window Markers 6pc,Title,Default Title,,,,,4-PEN00414,,,4aKid & 4aPet,0,0,0,4,4
Wireless-Karaoke-Microphone-for-Kids-Assorted-Colours,Wireless Karaoke Microphone for Kids - Assorted Colours,Title,Default Title,,,,,4-MIC0014,,,4aKid & 4aPet,0,0,0,22,22
Wooden-Alphabet-Letters,Wooden Alphabet Letters,Title,Default Title,,,,,4-WOOD0241,,,4aKid & 4aPet,0,0,0,3,3
Yellow-Sound-&-Light-Toy-Steering-Wheel,Yellow Sound & Light Toy Steering Wheel,Title,Default Title,,,,,C-8001712,,,4aKid & 4aPet,0,0,0,1,1
Zonic-Baby-Tender-Vibes-Relaxing-Music-Box-for-the-Baby-Cot,Zonic Baby Tender Vibes Relaxing Music Box for the Baby Cot,Title,Default Title,,,,,4-ZON003,,,4aKid & 4aPet,0,0,0,5,5
